sha256,arquivo
023beaaf9fb9679b22f794582847579e0a3c320660eac4db7c3ee6a1743ae5eb,nn_home__mobile__r01.report.json
bc7ce9b49af2c6f1941ea02a826b9fdd8ac70bdb912fe991ee40885a4c0fbb0f,nn_article__mobile__r01.report.json
423c3ddb3dc42815df8e9fe9693a97a5e6ed702908ddc107a2b1ee3085b004f8,coelho_home__mobile__r01.report.json
64c9fc0f98bd5c6ee51814c877301f26b40f7b22ce91a4c0c871be996c979ab3,coelho_article__mobile__r01.report.json
7c82a6c65b517e14d644412df8f2a6858655eaabbafd57ef8c1b500ea5ea1917,universo_home__mobile__r01.report.json
ae3eaa358ab847f93b026d2efdeca864eec870c8fa6b0f12478fdfa10682f0e9,universo_article__mobile__r01.report.json
09aa2583908df1c5d97dcae2370a9d2fba69eec0cb55c82faa01cac1e6231e28,casa_home__mobile__r01.report.json
f739f191766332ff01c0886732e45d44bbb0b4e04f52fb132c72efd8e59c8361,casa_article__mobile__r01.report.json
55ea7e4db2e26e25db33523758c91080d14b2514f2505ccc811adef925a5f092,blast_home__mobile__r01.report.json
370ad7545465e34eef50b79c957ec7f32ec5ea60d465888dfb2a13ae3777a7b3,blast_article__mobile__r01.report.json
da1250575120098eaa6c5141d6e0ad03423790a81eda9532708729b664cb44d3,projectn_home__mobile__r01.report.json
798a51b02e4c5053dc165aec9109158a065815a03f060502e00a3419dde7f168,projectn_article__mobile__r01.report.json
9c3bfc14bc2c186416a1fd349f2c9716dfdf72e755ae5d08019ca46a6ac7d21f,boy_home__mobile__r01.report.json
efcc89415d620b0baf7b1d5c2d9119307e9ce38fcc6990493c93045704489740,boy_article__mobile__r01.report.json
b5ac5bc82c4085223d71f517c189e6c25bc63313cd90cd2c4febc7548c67ae79,coelho_article__desktop__r01.report.json
d57ce41c660933fda80b1c5b6c5209ed319e93cc6017efc150cc04bf1cb0bfd1,universo_home__desktop__r01.report.json
f10e63835d47cb850b0014fa9eb98afba992cda82a51c5c85be94cc3d2f376f7,universo_article__desktop__r01.report.json
0f4bb5fa7c4c498b6f3d4e98f768f0307be4088d2ee55ca922730470af9064d3,casa_home__desktop__r01.report.json
7fa79b1d22710ade8af86348e8d0135ca9c89cf5e580f55788ecce3c4f4eb60c,casa_article__desktop__r01.report.json
47727ea4df5d48e2080b568a4da64d3fa24aefb1499a51464fe58238dca81d5b,blast_home__desktop__r01.report.json
057e7324db8c9d7d1af6ca94f0af4f4ab8cd3a9cdc85e57ffb0b20e43db5d994,blast_article__desktop__r01.report.json
8d34fb2377d3d72a65f4af827aa21e120817b22a8387203715a30c4c2a9b4008,projectn_home__desktop__r01.report.json
f7a9dd8824f92b4aa5399d9ce13c896472cefab00737ae58813d9ba462f455fa,projectn_article__desktop__r01.report.json
058d701edd86c3206e1fd75c387978babeee98b629af1e2c947b7aad4383727b,boy_home__desktop__r01.report.json
b76dba3accba1848afe295a5806ba3ef27c6fa667bb821c7e63f600095f0d49e,boy_article__desktop__r01.report.json
321d989011356a2df48e7d9798ed6dd66a2e65066e61d12f8b6b0c3c826c5e8b,nn_home__desktop__r01.report.json
13df3cb143ca8a150fa272ea44554ec942892a92a398b5440b7fd10317c6cbf1,nn_article__desktop__r01.report.json
63b5805ffd41ee1095e763b126d99215dd0eb4c8d7c34e41db4ebe8647802ad6,coelho_home__desktop__r01.report.json
8085c5eba5d079da8719244d3741818a60c7d2b1db1008a1a5a0fd3a05931a9b,nn_article__mobile__r02.report.json
fdc70cd927f490056e9ad64f50cdfa869837ee996349ddbdd75d52836a578ca3,coelho_home__mobile__r02.report.json
a0c18e4fc40a07fc538c4e134fe82c2fa004e321aff55740a9589ac7a4265d0d,coelho_article__mobile__r02.report.json
b1dc6b552f495eaae2fe7e2188f8447af69b54bd1bd65621319758779b56edbb,universo_home__mobile__r02.report.json
a23ed88b79cb50365833ae907c96320922a1323825d6091cdabb6401069865b9,universo_article__mobile__r02.report.json
74a00c805747f7ac175c1831a10c7edaae4ab6142d28ca483856b434b7b05b6b,casa_home__mobile__r02.report.json
1e7eb8455f91cbeb907adcf22e4d9aa336408f9324a5c794261f1502af467da0,casa_article__mobile__r02.report.json
c9cd2eb1f1285b6d9ccaecf8e8b2f814bd3de67f1b551a60c94f85a170af1b46,blast_home__mobile__r02.report.json
b2743f6619e7e66e699a3296afe637a47761ac5d9be458852725b9ff6462fa18,blast_article__mobile__r02.report.json
c0645bbdb53356220c811164f671df1cc5cc69fa32447a9aaef67f550b9af983,projectn_home__mobile__r02.report.json
0a1f42573ec73c53e943dd43f80b1dba75d1a5f41be10e6d623c7ce430605d3d,projectn_article__mobile__r02.report.json
fbb787dc8f34251c667020e02e892fd3fc01576c54ea550cc6806624214c4801,boy_home__mobile__r02.report.json
dafbc4cf6934ee36a2362ea34c1612e662e75588ba2803ce2a9876eb35073213,boy_article__mobile__r02.report.json
1e690479c43886df5829a5cf7178951f22e4fbe7290ae55150f324d5e5e0437d,nn_home__mobile__r02.report.json
fd4e81ea6316b975aac693ed0a1b210d0992c0a12177e81af44ca2009bca1d51,universo_home__desktop__r02.report.json
526bdc9ce3f20efdf14a4d9e26ce0658c49ff7c0f0cf8ee4f7955e3709a742ab,universo_article__desktop__r02.report.json
45021b1998abb061bdc3117f7e4033daea336135c6a9dbcb042eef546d53a2e5,casa_home__desktop__r02.report.json
ccb556193d9a665da5c0cb5e2c4cce7e0c4dee84204b4ee3ce0c8cc6b32b9730,casa_article__desktop__r02.report.json
087927c4af0a13bdd21bae17086061658a4eab3f38ad71e03c1270dd523a97cc,blast_home__desktop__r02.report.json
362d0fea69f98df43aace194332c8d64a05057d57318fa2334db9e96b4067e4a,blast_article__desktop__r02.report.json
b0398675a4fbc07a1e2b5d4d360fa7a2d7407fe69f9f12bb18c3c9bf9374941b,projectn_home__desktop__r02.report.json
9b110aa2d7a0d6f50380095830ec3e1086f6ca45210d0a26479d97d0c7bccc85,projectn_article__desktop__r02.report.json
7f93bbff33e08cac722476fdc5702b19c83e30bc4cfd75bd7e22006fc77bcb11,boy_home__desktop__r02.report.json
8fd5ad86e0696147ab2269c17dfebaae4c2860bde9e6a807e4491144cc9f331b,boy_article__desktop__r02.report.json
b57d3351556f047d4e384f53065bc2f83588659f6f734943f1b63a85d7403b1c,nn_home__desktop__r02.report.json
14d5e27d9c59a675bce11fd3aafbd9eb805d28525883d159cd341e17a71393d2,nn_article__desktop__r02.report.json
edf979952c8c84256e893604dc7b2180a88428a0c69a59fe7f72bcafe1843ef8,coelho_home__desktop__r02.report.json
7cbc5c77d6ac854a77c82a2be88fc82d1df0fa9c3eab08d8217c726df727896e,coelho_article__desktop__r02.report.json
94c48bea5128733b5c3f34b9496cfc0c22ac984c020c887583ae234f98fe5e1c,coelho_home__mobile__r03.report.json
d0395dda14ef1022e749c015e47b5a4ae2bc63555e2677a8e8a1686d154db5c6,coelho_article__mobile__r03.report.json
3ae6ea1587d9534ee135ca461e9593333999589655eefd134754fbc9a4cdef46,universo_home__mobile__r03.report.json
81e34408defe08e5b29379c06c55ec1228a7d0b5e1a2004980e26db2c65e1bd6,universo_article__mobile__r03.report.json
1a1a273fc1984f5706d4b4c286e2e8fb4591f85a77e2e64a8be5c821df358d9a,casa_home__mobile__r03.report.json
f4a100b93f266dd76c12fcc67db5e7c1ccb14751266b80399e26bc0d9e361aef,casa_article__mobile__r03.report.json
a15613012259276f7cdeb0686c397e3358946945beb40e0978b6d42ae952bf4d,blast_home__mobile__r03.report.json
fead7e1cd00ca695a6a5b585751396ac10930523319685774448fab566752011,blast_article__mobile__r03.report.json
2b67fc3caca94513c257db53a41d8cf56cd6ecefeae65d6ec0c2227e568b6753,projectn_home__mobile__r03.report.json
9839a83f1c5510d51b27f63c3deb4356bec953c7317cbec5f6ebc1b115805db3,projectn_article__mobile__r03.report.json
6e080e2cc4f028ff3a1763d5b664c1fd7ebdf02038ebe9111544489a13ed40ae,boy_home__mobile__r03.report.json
b0e33e6ba343b39229158d496911a08e419f778d6d67ea1e980071d6850906ad,boy_article__mobile__r03.report.json
e4bba0fd230bf5b79b80179577abe2d0462900708da06e4df1ff7f33a1c26f58,nn_home__mobile__r03.report.json
f7aedf1e6306939337debf3f8f4181dcb46ae71558b168383e88b8ed947459b1,nn_article__mobile__r03.report.json
71170d56cf41fa7eb5a2cab6ffab98dc8e7cbb705be416a9f66b30cc004b8275,universo_article__desktop__r03.report.json
c3bf1d81d159178ac91c339779d18c2c503f8158d45d8954c3ce112cc4f39d08,casa_home__desktop__r03.report.json
a74449bcfe50f210be29685587e4e4364e416e611e74d14f88046e340c034c92,casa_article__desktop__r03.report.json
9d130bac6b369e7edfca5d6454ba515e9496af8e7b07b2856aa7eb48c81a1ed5,blast_home__desktop__r03.report.json
76bc2d9d4d3313c0b2e1221cb0d2d24deb9fec64f053429653947de4b76ef245,blast_article__desktop__r03.report.json
e70a9ede28e570387257ed1ddfaa7124b912538ebd8a60e2f2d9581c3fbb8a51,projectn_home__desktop__r03.report.json
5ed3b555d72512c1ae6460d6447d12633272f0b8d456ee7e2b61bb80081b17be,projectn_article__desktop__r03.report.json
d73b00b130a7f387930c0fdd3fc11c465b6641685c1ce76e88b055b4f31cbbcf,boy_home__desktop__r03.report.json
4ceaa2d7e8c93ea2eb823ba87e94a26b4484dd4fe16b9bdbec66a1dbd3647658,boy_article__desktop__r03.report.json
6bb153cf3105d5fe2f2359a51f257723f18bda77077717eff5eb8319eb37543a,nn_home__desktop__r03.report.json
e40075f0c7276a40fb495a1416e8b94e438affc05a2b8c94eec8c76d02d57144,nn_article__desktop__r03.report.json
fb19ffed92f5607ec0017188c29b78db0e56609fbbfa5ed664ab2cf955a09b19,coelho_home__desktop__r03.report.json
153742f8f5bc7200c830c7e4a0ce96540bf1b96500edf68d2dc4adca8e386fe8,coelho_article__desktop__r03.report.json
bac5eea269439f87a1170321604f064f438faa2de232b736525109c768f8d038,universo_home__desktop__r03.report.json
078d0e67a4fc5207f97b0b05bce14b59a7afbd60016321b69a57155bcedc07e9,coelho_article__mobile__r04.report.json
7e9db62af80be64df29f4b201e134bf90812ed7ed8392feb28b6b99489b9ac70,universo_home__mobile__r04.report.json
e26cd68360e29d3e7bd2af2a67f22cdc95557e3a92b3b413d3b04c7af1b74d48,universo_article__mobile__r04.report.json
e1103911bd0becbf19b612f4ade7fcb3310ec067174e1e0b91c6b053019839d3,casa_home__mobile__r04.report.json
86d497fad9479e430f0fb9fdfba063cda9c7574a861e0f36f87f93a5d69fb503,casa_article__mobile__r04.report.json
b60bc257601e54d4cee4bf3fdbd4d702d50c90e4522fe8e610f17ac0004b7230,blast_home__mobile__r04.report.json
007f3c1f9cc9f39eaee1599c100535a0a60a1267ec718598d7e76c99c9cf566f,blast_article__mobile__r04.report.json
f49723f9c4e3ccd85049cc2d4ae04a837e7c05693667c0452419e8d4de1b706c,projectn_home__mobile__r04.report.json
5605efa25323d0c98283f41c049ce7169d84dcc04d3b25a10069ab4e9d3e9737,projectn_article__mobile__r04.report.json
c57dfc99a5e2b06e7d11f74d5159b1d60110a663d985637feed690cb534aa31c,boy_home__mobile__r04.report.json
006d24545aa193b6fbae42a5d31872a6dcb302e788abf0d5cc27bf983ae706f5,boy_article__mobile__r04.report.json
8f4f69f8601726342d2f22a5413cc1cca5c3c79a3f8ca53f0a9d0e8dff625ca9,nn_home__mobile__r04.report.json
208587d49b5855e481319f42b3bb0ca7bc80f9fb84686838709061431e5c03a0,nn_article__mobile__r04.report.json
2cabd8b570c21c747c03306274d9aff43367e37483c9e74b0239fb01bacf2608,coelho_home__mobile__r04.report.json
ae5888326c115284b5158d3e832fc4a9e9d19aef5719e22acb692dd17267907e,casa_home__desktop__r04.report.json
476d8d478f2fa86242d841489a8f17031c3fc1e2bc7c4b4ddd7d6908ab726767,casa_article__desktop__r04.report.json
fa20b550bc8afb90c75bc4ad411f3762142c29be3099ad01c2de239749115362,blast_home__desktop__r04.report.json
695d82b40eec989b547646a9f6b60e176329e464c0185f1d7fe049ee813d9def,blast_article__desktop__r04.report.json
d6a683ac9a975b71eebb4feedc0363d7d609bcd98a9c7fe9f27733e3af2b8541,projectn_home__desktop__r04.report.json
00e64019e7f87485cc82227e1a6b6961fb545240cf04a487d0a95476d308974c,projectn_article__desktop__r04.report.json
73006c29028ee9739379eaf84834e1a5302ddcd3fd0df02651aee5b0244ca560,boy_home__desktop__r04.report.json
68d45aed5abbe15e4606704acd4866d9916d942e065f352eee9953fa9155af9b,boy_article__desktop__r04.report.json
917a1ca9797925d73095e6bd8c59ed8f7b92550280debbfc4afaea28a5af584d,nn_home__desktop__r04.report.json
68d4bdb8c1aeacde4c728118d9f59df95a76860b70e000002fa17fd010aac44b,nn_article__desktop__r04.report.json
c71924b68a771171345e46d0a558d8320bd3817421cbe4cb463faceeb8e00295,coelho_home__desktop__r04.report.json
9bbae57847a84e0789aaae6e25f55398c21cf38c3ede03c28d5bcce4a8e2a7ac,coelho_article__desktop__r04.report.json
faa8236892461ee938880db98c1b8dddb2d174c0419a1be6949154bd9f6d1363,universo_home__desktop__r04.report.json
cff8521ff9ced6c5233e3c3b92c06075e92ed22e2ca5439011431c1619e795a5,universo_article__desktop__r04.report.json
69c89a24b0d0d45d8401508632d53fcf300df5cd7b9f2ac3a8854a25dd0a8e28,universo_home__mobile__r05.report.json
d32e344d3d563571d007e791b5101341deeedeb21efe5a460f9c7a19bd026c88,universo_article__mobile__r05.report.json
1c1e83249b2e00c7711f8603a5c1d37ba6f20d9023a3d6cf6223f65aec44b6ae,casa_home__mobile__r05.report.json
5a17d0b01bb9d468a0354a58b35b3c7a3db0b21c92aec98ff7a61d5c767bf774,casa_article__mobile__r05.report.json
929381e99ae8d2189771deb8ecaf2a93bb7f69b51784d908b51a603f4d9cd777,blast_home__mobile__r05.report.json
47b2d228e23c5ddc3a70041329a893de605fcc637b7e29d20a3ea26e932412f9,blast_article__mobile__r05.report.json
a961b85f0a0fa2bad2abb72ea0b6ac9e65a2ea50225ea5d2fca4809d933ecf50,projectn_home__mobile__r05.report.json
9f24c922fb57de2fa1a26af2be08c00bdc021cfe4fccbb3a2694321b2e7d683b,projectn_article__mobile__r05.report.json
40e5f711e2f106a456183bc68211b0827706a5433eafb8acafa68a20125f1c8f,boy_home__mobile__r05.report.json
a5d258249b53073ef58f9a16a99ed77521cfba59cc9eeea7ef0aebfa2cb07060,boy_article__mobile__r05.report.json
52e9d9630c08e23581eba6399d40c280701b071e88006081bcd170e7541b0957,nn_home__mobile__r05.report.json
2028b3e4448a09f0edba06ae4d60a46dcfe45bb13aa950cf9d37dbe4b63711e8,nn_article__mobile__r05.report.json
e585326abdf89ec2293b854d18b1ecf6ae328148f5b43dba09a43cd44cadd440,coelho_home__mobile__r05.report.json
c78290511c8e2f5d78639712773b58d2322c92972be98b4a2ceab377d9e0af38,coelho_article__mobile__r05.report.json
2e2d714fc38eb011d7b51329b2797323fe08c5265ebb5d6162900895008fbbc2,casa_article__desktop__r05.report.json
9bb159693d44616864865a21c6996384d9e3d8d1a7e4a76a8792cf931582b8d5,blast_home__desktop__r05.report.json
6f3ed75d2a47b317b802ca3596a0edb5cd2694fb24d5f8433b8295bfaf7c2d3f,blast_article__desktop__r05.report.json
fda9249c2e24894901d0f9db4463215eb8ca025b4fb999646b52d7debd0f8571,projectn_home__desktop__r05.report.json
84886003a6f0559f3e910cff09b9bc8beef0b37eebb1a7108209d4caba81aaa9,projectn_article__desktop__r05.report.json
af0253d235d530927e11ee95e0bfd3d98a8251bd84e06d05f20c7318600c74d1,boy_home__desktop__r05.report.json
d64418c981edf501c1871664fd42006110a7349db9aba8224b3fc52ffb05619b,boy_article__desktop__r05.report.json
d5ff88e1f44a45e7c67932170a9221317a5461bb147dbe695f6d0d13d2db1ae6,nn_home__desktop__r05.report.json
1d3a500440a3e3ffd1ad76b2cf6358a038c0242b37fd90ffb67a59699c359758,nn_article__desktop__r05.report.json
598c88efacd36372ec1dccbe027197c51668d178af81227eed8fe6ee0da28aa7,coelho_home__desktop__r05.report.json
89fc4880e0b746b20faa1d799bc2f238cb2d2910f3313338759e031f3a8c56c7,coelho_article__desktop__r05.report.json
797b70e00b371218aa6d7dc6368dada0af1226645d2ef2a88923019c39050798,universo_home__desktop__r05.report.json
a44a7453d2816184779ef8c33e4571ac25f196c8c0c716a9f8959e9f489a5434,universo_article__desktop__r05.report.json
42c0fda4ba2c3945f06570ed11ad10b897baba9d3ac58d6793725dbc72f83f23,casa_home__desktop__r05.report.json
