id,veiculo,tipo_pagina,titulo,url,status_http_selecao,elegibilidade,observacao
nn_home,Nintendista News,inicial,Nintendista News,https://nintendista.news/,200,incluir,"Versão pública definitiva confirmada imediatamente antes da coleta oficial."
nn_article,Nintendista News,interna,Nintendista News está no ar,https://nintendista.news/noticias/nintendista-news-no-ar/,200,incluir,"Notícia convencional publicada e confirmada imediatamente antes da coleta oficial."
coelho_home,Coelho News,inicial,Coelho News,https://coelhonews.com/,200,incluir,"Página pública exibida no início da coleta."
coelho_article,Coelho News,interna,The Binding of Isaac: Repentance + Online chega ao Switch 2 em novembro,https://coelhonews.com/noticias/the-binding-of-isaac-repentance-online-chega-ao-switch-2-em-novembro,200,incluir,"Notícia convencional mais recente identificada na página inicial."
universo_home,Universo Nintendo,inicial,Universo Nintendo,https://universonintendo.com/,200,incluir,"Página pública exibida no início da coleta."
universo_article,Universo Nintendo,interna,Trails in the Sky 2nd Chapter recebe demo gratuita no Switch,https://universonintendo.com/trails-in-the-sky-2nd-chapter-recebe-demo-gratuita-no-switch/,200,incluir,"Notícia convencional mais recente identificada na página inicial."
casa_home,A Casa do Cogumelo,inicial,A Casa do Cogumelo,https://www.acasadocogumelo.com/,200,incluir,"Página pública exibida no início da coleta."
casa_article,A Casa do Cogumelo,interna,Logitech G anuncia lançamentos que contemplarão mercado brasileiro,https://www.acasadocogumelo.com/logitech-g-anuncia-lancamentos-que-contemplarao-mercado-brasileiro/,200,incluir_excecao,"A página inicial não exibia notícia convencional elegível, apenas análises. Selecionou-se a publicação convencional mais recente localizada no sitemap público; o desvio do protocolo será explicitado."
blast_home,Nintendo Blast,inicial,Nintendo Blast,https://www.nintendoblast.com.br/,200,incluir,"Página pública exibida no início da coleta."
blast_article,Nintendo Blast,interna,Nintendo Switch Online recebe ícones de Fire Emblem: Three Houses,https://www.nintendoblast.com.br/2026/08/nintendo-switch-online-recebe-icones-de-fire-emblem-three-houses.html,200,incluir,"Notícia convencional mais recente identificada na página inicial."
projectn_home,Project N,inicial,Project N,https://projectn.com.br/,200,incluir,"Página pública exibida no início da coleta."
projectn_article,Project N,interna,Call of Duty: Modern Warfare 4 ganha novo trailer focado no multiplayer,https://projectn.com.br/call-of-duty-modern-warfare-4-ganha-novo-trailer-focado-no-multiplayer/,200,incluir,"Primeira notícia convencional após a exclusão do review destacado."
boy_home,Nintendo Boy,inicial,NintendoBoy,https://nintendoboy.com.br/,200,incluir,"Página pública exibida no início da coleta."
boy_article,Nintendo Boy,interna,SiN: Reloaded remaster do FPS narrativo de 1998 chega às plataformas Nintendo em setembro,https://nintendoboy.com.br/2026/08/sin-reloaded-remaster-do-fps-narrativo-de-1998-chega-as-plataformas-nintendo-em-setembro/,200,incluir,"Notícia convencional mais recente identificada na listagem de notícias da página inicial; reviews, listas semanais e conteúdos episódicos foram excluídos."
