id,veiculo,tipo_pagina,perfil,repeticao,url,inicio,termino,duracao_s,exit_code,status,arquivo_json,sha256_json,arquivo_html,sha256_html,stderr
nn_home,Nintendista News,inicial,mobile,1,https://nintendista.news/,2026-08-20T23:20:11-03:00,2026-08-20T23:20:24-03:00,13.351,0,concluida,01_Relatorios_Brutos/nn_home__mobile__r01.report.json,023beaaf9fb9679b22f794582847579e0a3c320660eac4db7c3ee6a1743ae5eb,02_Relatorios_HTML/nn_home__mobile__r01.report.html,56316d930c6262c8f3efcacaf90273349611a0756bbddf7ff03d81def52e749f,01_Relatorios_Brutos/nn_home__mobile__r01.stderr.txt
nn_article,Nintendista News,interna,mobile,1,https://nintendista.news/noticias/nintendista-news-no-ar/,2026-08-20T23:20:24-03:00,2026-08-20T23:20:37-03:00,13.044,0,concluida,01_Relatorios_Brutos/nn_article__mobile__r01.report.json,bc7ce9b49af2c6f1941ea02a826b9fdd8ac70bdb912fe991ee40885a4c0fbb0f,02_Relatorios_HTML/nn_article__mobile__r01.report.html,44aa2771ea993a27ea96df6017792c54ebe4f7b0b85b987246098c183575e1b3,01_Relatorios_Brutos/nn_article__mobile__r01.stderr.txt
coelho_home,Coelho News,inicial,mobile,1,https://coelhonews.com/,2026-08-20T23:20:37-03:00,2026-08-20T23:20:56-03:00,19.081,0,concluida,01_Relatorios_Brutos/coelho_home__mobile__r01.report.json,423c3ddb3dc42815df8e9fe9693a97a5e6ed702908ddc107a2b1ee3085b004f8,02_Relatorios_HTML/coelho_home__mobile__r01.report.html,71a986f9de0921e36510e18783d8899839fff94f8ef672d11c1c7b27c99d37e9,01_Relatorios_Brutos/coelho_home__mobile__r01.stderr.txt
coelho_article,Coelho News,interna,mobile,1,https://coelhonews.com/noticias/the-binding-of-isaac-repentance-online-chega-ao-switch-2-em-novembro,2026-08-20T23:20:56-03:00,2026-08-20T23:21:11-03:00,14.764,0,concluida,01_Relatorios_Brutos/coelho_article__mobile__r01.report.json,64c9fc0f98bd5c6ee51814c877301f26b40f7b22ce91a4c0c871be996c979ab3,02_Relatorios_HTML/coelho_article__mobile__r01.report.html,05d92dde29397628805df8ec9d813bf9a3b698e75b867bd222aff2b92c70bfe7,01_Relatorios_Brutos/coelho_article__mobile__r01.stderr.txt
universo_home,Universo Nintendo,inicial,mobile,1,https://universonintendo.com/,2026-08-20T23:21:11-03:00,2026-08-20T23:22:28-03:00,77.249,0,concluida,01_Relatorios_Brutos/universo_home__mobile__r01.report.json,7c82a6c65b517e14d644412df8f2a6858655eaabbafd57ef8c1b500ea5ea1917,02_Relatorios_HTML/universo_home__mobile__r01.report.html,ab51b29234658b8890fd3e722195b25d12ba9ac493a95fbf2aa4f04c162a441b,01_Relatorios_Brutos/universo_home__mobile__r01.stderr.txt
universo_article,Universo Nintendo,interna,mobile,1,https://universonintendo.com/trails-in-the-sky-2nd-chapter-recebe-demo-gratuita-no-switch/,2026-08-20T23:22:28-03:00,2026-08-20T23:23:08-03:00,40.034,0,concluida,01_Relatorios_Brutos/universo_article__mobile__r01.report.json,ae3eaa358ab847f93b026d2efdeca864eec870c8fa6b0f12478fdfa10682f0e9,02_Relatorios_HTML/universo_article__mobile__r01.report.html,c6f9a9a94c4f0e48fea9e1d614645c55a27b7f7ec2b05c8e2a47855df2ec45a0,01_Relatorios_Brutos/universo_article__mobile__r01.stderr.txt
casa_home,A Casa do Cogumelo,inicial,mobile,1,https://www.acasadocogumelo.com/,2026-08-20T23:23:08-03:00,2026-08-20T23:23:37-03:00,29.017,0,concluida,01_Relatorios_Brutos/casa_home__mobile__r01.report.json,09aa2583908df1c5d97dcae2370a9d2fba69eec0cb55c82faa01cac1e6231e28,02_Relatorios_HTML/casa_home__mobile__r01.report.html,50e039185b9b2d36cf80839eef203bfb7980ee2f814a4dc029bbbab22a37e272,01_Relatorios_Brutos/casa_home__mobile__r01.stderr.txt
casa_article,A Casa do Cogumelo,interna,mobile,1,https://www.acasadocogumelo.com/logitech-g-anuncia-lancamentos-que-contemplarao-mercado-brasileiro/,2026-08-20T23:23:37-03:00,2026-08-20T23:24:08-03:00,30.940,0,concluida,01_Relatorios_Brutos/casa_article__mobile__r01.report.json,f739f191766332ff01c0886732e45d44bbb0b4e04f52fb132c72efd8e59c8361,02_Relatorios_HTML/casa_article__mobile__r01.report.html,bdf073217680af61c7eb0525908a91c5492c56151540e8b7b5d52d919a48456a,01_Relatorios_Brutos/casa_article__mobile__r01.stderr.txt
blast_home,Nintendo Blast,inicial,mobile,1,https://www.nintendoblast.com.br/,2026-08-20T23:24:08-03:00,2026-08-20T23:24:25-03:00,17.127,0,concluida,01_Relatorios_Brutos/blast_home__mobile__r01.report.json,55ea7e4db2e26e25db33523758c91080d14b2514f2505ccc811adef925a5f092,02_Relatorios_HTML/blast_home__mobile__r01.report.html,662b1aaca5039a7674ef1659e934ae141e1bc01261e5ccdc0a23f52cdcd6edf0,01_Relatorios_Brutos/blast_home__mobile__r01.stderr.txt
blast_article,Nintendo Blast,interna,mobile,1,https://www.nintendoblast.com.br/2026/08/nintendo-switch-online-recebe-icones-de-fire-emblem-three-houses.html,2026-08-20T23:24:25-03:00,2026-08-20T23:24:48-03:00,22.546,0,concluida,01_Relatorios_Brutos/blast_article__mobile__r01.report.json,370ad7545465e34eef50b79c957ec7f32ec5ea60d465888dfb2a13ae3777a7b3,02_Relatorios_HTML/blast_article__mobile__r01.report.html,cb4b83085a6d1fdfe388adec994e179b2465bc8e2615e6202e86ba2905c7b8d9,01_Relatorios_Brutos/blast_article__mobile__r01.stderr.txt
projectn_home,Project N,inicial,mobile,1,https://projectn.com.br/,2026-08-20T23:24:48-03:00,2026-08-20T23:25:11-03:00,22.820,0,concluida,01_Relatorios_Brutos/projectn_home__mobile__r01.report.json,da1250575120098eaa6c5141d6e0ad03423790a81eda9532708729b664cb44d3,02_Relatorios_HTML/projectn_home__mobile__r01.report.html,327d4e6158eb3d711d780d65de06f8918f2da7d11d574ae389112c761e5ffde4,01_Relatorios_Brutos/projectn_home__mobile__r01.stderr.txt
projectn_article,Project N,interna,mobile,1,https://projectn.com.br/call-of-duty-modern-warfare-4-ganha-novo-trailer-focado-no-multiplayer/,2026-08-20T23:25:11-03:00,2026-08-20T23:25:31-03:00,20.573,0,concluida,01_Relatorios_Brutos/projectn_article__mobile__r01.report.json,798a51b02e4c5053dc165aec9109158a065815a03f060502e00a3419dde7f168,02_Relatorios_HTML/projectn_article__mobile__r01.report.html,efa315d9d24ca1adc05baaa99c787cc5649ebb49d385d984158c4558caab22e4,01_Relatorios_Brutos/projectn_article__mobile__r01.stderr.txt
boy_home,Nintendo Boy,inicial,mobile,1,https://nintendoboy.com.br/,2026-08-20T23:25:31-03:00,2026-08-20T23:25:50-03:00,18.382,0,concluida,01_Relatorios_Brutos/boy_home__mobile__r01.report.json,9c3bfc14bc2c186416a1fd349f2c9716dfdf72e755ae5d08019ca46a6ac7d21f,02_Relatorios_HTML/boy_home__mobile__r01.report.html,16f7df7b0e64fe35f5ceebc09a39dee04730b6d48897c9a2853383b2ec40a55c,01_Relatorios_Brutos/boy_home__mobile__r01.stderr.txt
boy_article,Nintendo Boy,interna,mobile,1,https://nintendoboy.com.br/2026/08/sin-reloaded-remaster-do-fps-narrativo-de-1998-chega-as-plataformas-nintendo-em-setembro/,2026-08-20T23:25:50-03:00,2026-08-20T23:26:13-03:00,23.824,0,concluida,01_Relatorios_Brutos/boy_article__mobile__r01.report.json,efcc89415d620b0baf7b1d5c2d9119307e9ce38fcc6990493c93045704489740,02_Relatorios_HTML/boy_article__mobile__r01.report.html,ef5e87cd614cde74b2870c53bb3895100abc522ea45436ce99acbb129438293e,01_Relatorios_Brutos/boy_article__mobile__r01.stderr.txt
coelho_article,Coelho News,interna,desktop,1,https://coelhonews.com/noticias/the-binding-of-isaac-repentance-online-chega-ao-switch-2-em-novembro,2026-08-20T23:26:13-03:00,2026-08-20T23:26:29-03:00,15.616,0,concluida,01_Relatorios_Brutos/coelho_article__desktop__r01.report.json,b5ac5bc82c4085223d71f517c189e6c25bc63313cd90cd2c4febc7548c67ae79,02_Relatorios_HTML/coelho_article__desktop__r01.report.html,991bc686de5d3e3ff972821d860883b8b5fe2378d11d13e8824542ab0e98f93f,01_Relatorios_Brutos/coelho_article__desktop__r01.stderr.txt
universo_home,Universo Nintendo,inicial,desktop,1,https://universonintendo.com/,2026-08-20T23:26:29-03:00,2026-08-20T23:27:18-03:00,48.948,0,concluida,01_Relatorios_Brutos/universo_home__desktop__r01.report.json,d57ce41c660933fda80b1c5b6c5209ed319e93cc6017efc150cc04bf1cb0bfd1,02_Relatorios_HTML/universo_home__desktop__r01.report.html,4d771185bab0c8c291508e3771a8b569afd54f9f8a900fe6da9a323175c9cea3,01_Relatorios_Brutos/universo_home__desktop__r01.stderr.txt
universo_article,Universo Nintendo,interna,desktop,1,https://universonintendo.com/trails-in-the-sky-2nd-chapter-recebe-demo-gratuita-no-switch/,2026-08-20T23:27:18-03:00,2026-08-20T23:28:01-03:00,42.602,0,concluida,01_Relatorios_Brutos/universo_article__desktop__r01.report.json,f10e63835d47cb850b0014fa9eb98afba992cda82a51c5c85be94cc3d2f376f7,02_Relatorios_HTML/universo_article__desktop__r01.report.html,758fded43d519d3be087f78bb7da2c802fe459f28be00847e30178d678878716,01_Relatorios_Brutos/universo_article__desktop__r01.stderr.txt
casa_home,A Casa do Cogumelo,inicial,desktop,1,https://www.acasadocogumelo.com/,2026-08-20T23:28:01-03:00,2026-08-20T23:28:27-03:00,26.094,0,concluida,01_Relatorios_Brutos/casa_home__desktop__r01.report.json,0f4bb5fa7c4c498b6f3d4e98f768f0307be4088d2ee55ca922730470af9064d3,02_Relatorios_HTML/casa_home__desktop__r01.report.html,3144343e44262c734f5b0d9b6a7c5b9ff66070029e639a13f26fb017305d0322,01_Relatorios_Brutos/casa_home__desktop__r01.stderr.txt
casa_article,A Casa do Cogumelo,interna,desktop,1,https://www.acasadocogumelo.com/logitech-g-anuncia-lancamentos-que-contemplarao-mercado-brasileiro/,2026-08-20T23:28:27-03:00,2026-08-20T23:28:54-03:00,26.840,0,concluida,01_Relatorios_Brutos/casa_article__desktop__r01.report.json,7fa79b1d22710ade8af86348e8d0135ca9c89cf5e580f55788ecce3c4f4eb60c,02_Relatorios_HTML/casa_article__desktop__r01.report.html,664c17b0d7dc1613347012deb33d853432f3e0893d834b2523434af7f4fdb520,01_Relatorios_Brutos/casa_article__desktop__r01.stderr.txt
blast_home,Nintendo Blast,inicial,desktop,1,https://www.nintendoblast.com.br/,2026-08-20T23:28:54-03:00,2026-08-20T23:29:12-03:00,18.028,0,concluida,01_Relatorios_Brutos/blast_home__desktop__r01.report.json,47727ea4df5d48e2080b568a4da64d3fa24aefb1499a51464fe58238dca81d5b,02_Relatorios_HTML/blast_home__desktop__r01.report.html,592fe281190340689e1205a0fa9b13249a3ec4eb836b3088718233ec4d551c1a,01_Relatorios_Brutos/blast_home__desktop__r01.stderr.txt
blast_article,Nintendo Blast,interna,desktop,1,https://www.nintendoblast.com.br/2026/08/nintendo-switch-online-recebe-icones-de-fire-emblem-three-houses.html,2026-08-20T23:29:12-03:00,2026-08-20T23:29:35-03:00,23.544,0,concluida,01_Relatorios_Brutos/blast_article__desktop__r01.report.json,057e7324db8c9d7d1af6ca94f0af4f4ab8cd3a9cdc85e57ffb0b20e43db5d994,02_Relatorios_HTML/blast_article__desktop__r01.report.html,3ef8d8b339c2df01d04ce2f83cf7f4408b1948f5bb9fe7c830e364e99c2a4838,01_Relatorios_Brutos/blast_article__desktop__r01.stderr.txt
projectn_home,Project N,inicial,desktop,1,https://projectn.com.br/,2026-08-20T23:29:35-03:00,2026-08-20T23:30:22-03:00,46.979,0,concluida,01_Relatorios_Brutos/projectn_home__desktop__r01.report.json,8d34fb2377d3d72a65f4af827aa21e120817b22a8387203715a30c4c2a9b4008,02_Relatorios_HTML/projectn_home__desktop__r01.report.html,53d70c2ba817b55f3ea0c5cb4a3da6bd95412c7fc448dc853a0fc164a66e9b5c,01_Relatorios_Brutos/projectn_home__desktop__r01.stderr.txt
projectn_article,Project N,interna,desktop,1,https://projectn.com.br/call-of-duty-modern-warfare-4-ganha-novo-trailer-focado-no-multiplayer/,2026-08-20T23:30:22-03:00,2026-08-20T23:30:42-03:00,19.796,0,concluida,01_Relatorios_Brutos/projectn_article__desktop__r01.report.json,f7a9dd8824f92b4aa5399d9ce13c896472cefab00737ae58813d9ba462f455fa,02_Relatorios_HTML/projectn_article__desktop__r01.report.html,c96c927e399c54e51c1a40c1e5fe44af92b8681d6447e9d22bce4a41bc9cbc45,01_Relatorios_Brutos/projectn_article__desktop__r01.stderr.txt
boy_home,Nintendo Boy,inicial,desktop,1,https://nintendoboy.com.br/,2026-08-20T23:30:42-03:00,2026-08-20T23:30:59-03:00,16.731,0,concluida,01_Relatorios_Brutos/boy_home__desktop__r01.report.json,058d701edd86c3206e1fd75c387978babeee98b629af1e2c947b7aad4383727b,02_Relatorios_HTML/boy_home__desktop__r01.report.html,9691c088f195446d89a053bd61d865a73108e1726fc2ad6d99dfa5feac9118c2,01_Relatorios_Brutos/boy_home__desktop__r01.stderr.txt
boy_article,Nintendo Boy,interna,desktop,1,https://nintendoboy.com.br/2026/08/sin-reloaded-remaster-do-fps-narrativo-de-1998-chega-as-plataformas-nintendo-em-setembro/,2026-08-20T23:30:59-03:00,2026-08-20T23:31:21-03:00,21.783,0,concluida,01_Relatorios_Brutos/boy_article__desktop__r01.report.json,b76dba3accba1848afe295a5806ba3ef27c6fa667bb821c7e63f600095f0d49e,02_Relatorios_HTML/boy_article__desktop__r01.report.html,00d52218cf47e2ee683dc3fa353dae316d56361649c01f0a6135598eeb5c2603,01_Relatorios_Brutos/boy_article__desktop__r01.stderr.txt
nn_home,Nintendista News,inicial,desktop,1,https://nintendista.news/,2026-08-20T23:31:21-03:00,2026-08-20T23:31:33-03:00,12.355,0,concluida,01_Relatorios_Brutos/nn_home__desktop__r01.report.json,321d989011356a2df48e7d9798ed6dd66a2e65066e61d12f8b6b0c3c826c5e8b,02_Relatorios_HTML/nn_home__desktop__r01.report.html,6020d859ab2a5f538cd67aee0ab9937065b7d8cab61768ea7912e0f0cfe8a575,01_Relatorios_Brutos/nn_home__desktop__r01.stderr.txt
nn_article,Nintendista News,interna,desktop,1,https://nintendista.news/noticias/nintendista-news-no-ar/,2026-08-20T23:31:33-03:00,2026-08-20T23:31:44-03:00,11.515,0,concluida,01_Relatorios_Brutos/nn_article__desktop__r01.report.json,13df3cb143ca8a150fa272ea44554ec942892a92a398b5440b7fd10317c6cbf1,02_Relatorios_HTML/nn_article__desktop__r01.report.html,357de4438426ecc2b828bac30a3e476678224c676e56bcecfd64e6e25440a832,01_Relatorios_Brutos/nn_article__desktop__r01.stderr.txt
coelho_home,Coelho News,inicial,desktop,1,https://coelhonews.com/,2026-08-20T23:31:44-03:00,2026-08-20T23:32:02-03:00,17.497,0,concluida,01_Relatorios_Brutos/coelho_home__desktop__r01.report.json,63b5805ffd41ee1095e763b126d99215dd0eb4c8d7c34e41db4ebe8647802ad6,02_Relatorios_HTML/coelho_home__desktop__r01.report.html,0fdc1d3cdb7bf80f1af3b628432be1d66374f9efa24c27aba5fd0b3973d1808c,01_Relatorios_Brutos/coelho_home__desktop__r01.stderr.txt
nn_article,Nintendista News,interna,mobile,2,https://nintendista.news/noticias/nintendista-news-no-ar/,2026-08-20T23:32:02-03:00,2026-08-20T23:32:15-03:00,13.230,0,concluida,01_Relatorios_Brutos/nn_article__mobile__r02.report.json,8085c5eba5d079da8719244d3741818a60c7d2b1db1008a1a5a0fd3a05931a9b,02_Relatorios_HTML/nn_article__mobile__r02.report.html,5ea7b4f85ef255e42019d777ea4aa9d858f83348a3178cdbf464e224acc41376,01_Relatorios_Brutos/nn_article__mobile__r02.stderr.txt
coelho_home,Coelho News,inicial,mobile,2,https://coelhonews.com/,2026-08-20T23:32:15-03:00,2026-08-20T23:32:33-03:00,18.280,0,concluida,01_Relatorios_Brutos/coelho_home__mobile__r02.report.json,fdc70cd927f490056e9ad64f50cdfa869837ee996349ddbdd75d52836a578ca3,02_Relatorios_HTML/coelho_home__mobile__r02.report.html,6afc4bbb448cdf76137d0b9085b07917ddc20f4f28c2a21bbfdbe59a6374f7c9,01_Relatorios_Brutos/coelho_home__mobile__r02.stderr.txt
coelho_article,Coelho News,interna,mobile,2,https://coelhonews.com/noticias/the-binding-of-isaac-repentance-online-chega-ao-switch-2-em-novembro,2026-08-20T23:32:33-03:00,2026-08-20T23:32:48-03:00,14.615,0,concluida,01_Relatorios_Brutos/coelho_article__mobile__r02.report.json,a0c18e4fc40a07fc538c4e134fe82c2fa004e321aff55740a9589ac7a4265d0d,02_Relatorios_HTML/coelho_article__mobile__r02.report.html,e37c49ee262af6944f477c882eb7ea17e9003acc0b0d3c3da6f47a880296f9dd,01_Relatorios_Brutos/coelho_article__mobile__r02.stderr.txt
universo_home,Universo Nintendo,inicial,mobile,2,https://universonintendo.com/,2026-08-20T23:32:48-03:00,2026-08-20T23:33:35-03:00,46.655,0,concluida,01_Relatorios_Brutos/universo_home__mobile__r02.report.json,b1dc6b552f495eaae2fe7e2188f8447af69b54bd1bd65621319758779b56edbb,02_Relatorios_HTML/universo_home__mobile__r02.report.html,8174088829f8d0a97f502ecd85c744cde87bc39b1117db81fb2c885bbcdbb7a5,01_Relatorios_Brutos/universo_home__mobile__r02.stderr.txt
universo_article,Universo Nintendo,interna,mobile,2,https://universonintendo.com/trails-in-the-sky-2nd-chapter-recebe-demo-gratuita-no-switch/,2026-08-20T23:33:35-03:00,2026-08-20T23:34:12-03:00,37.203,0,concluida,01_Relatorios_Brutos/universo_article__mobile__r02.report.json,a23ed88b79cb50365833ae907c96320922a1323825d6091cdabb6401069865b9,02_Relatorios_HTML/universo_article__mobile__r02.report.html,fc867dc934b8bdbfe143069dc4d231f5fe4dccff9184d0aa9f5dada033fdcad2,01_Relatorios_Brutos/universo_article__mobile__r02.stderr.txt
casa_home,A Casa do Cogumelo,inicial,mobile,2,https://www.acasadocogumelo.com/,2026-08-20T23:34:12-03:00,2026-08-20T23:34:36-03:00,24.485,0,concluida,01_Relatorios_Brutos/casa_home__mobile__r02.report.json,74a00c805747f7ac175c1831a10c7edaae4ab6142d28ca483856b434b7b05b6b,02_Relatorios_HTML/casa_home__mobile__r02.report.html,a4c75deac4ebdc6aa66a77458218f1ad71176039f461b80f50c2dcc9d2a9dbf6,01_Relatorios_Brutos/casa_home__mobile__r02.stderr.txt
casa_article,A Casa do Cogumelo,interna,mobile,2,https://www.acasadocogumelo.com/logitech-g-anuncia-lancamentos-que-contemplarao-mercado-brasileiro/,2026-08-20T23:34:36-03:00,2026-08-20T23:35:01-03:00,24.688,0,concluida,01_Relatorios_Brutos/casa_article__mobile__r02.report.json,1e7eb8455f91cbeb907adcf22e4d9aa336408f9324a5c794261f1502af467da0,02_Relatorios_HTML/casa_article__mobile__r02.report.html,f0154669df29181f0f7e26895737a47b8aea1bc2f289970716bce96a531b9a87,01_Relatorios_Brutos/casa_article__mobile__r02.stderr.txt
blast_home,Nintendo Blast,inicial,mobile,2,https://www.nintendoblast.com.br/,2026-08-20T23:35:01-03:00,2026-08-20T23:35:18-03:00,17.301,0,concluida,01_Relatorios_Brutos/blast_home__mobile__r02.report.json,c9cd2eb1f1285b6d9ccaecf8e8b2f814bd3de67f1b551a60c94f85a170af1b46,02_Relatorios_HTML/blast_home__mobile__r02.report.html,40edc4063a850ae07c962cde5f0085a5ab102178d784397141d7bc24733019a4,01_Relatorios_Brutos/blast_home__mobile__r02.stderr.txt
blast_article,Nintendo Blast,interna,mobile,2,https://www.nintendoblast.com.br/2026/08/nintendo-switch-online-recebe-icones-de-fire-emblem-three-houses.html,2026-08-20T23:35:18-03:00,2026-08-20T23:35:41-03:00,22.381,0,concluida,01_Relatorios_Brutos/blast_article__mobile__r02.report.json,b2743f6619e7e66e699a3296afe637a47761ac5d9be458852725b9ff6462fa18,02_Relatorios_HTML/blast_article__mobile__r02.report.html,3f079b2cddd5321bc26b7cdebb57433b807793ee078742710c8707d57d0e1309,01_Relatorios_Brutos/blast_article__mobile__r02.stderr.txt
projectn_home,Project N,inicial,mobile,2,https://projectn.com.br/,2026-08-20T23:35:41-03:00,2026-08-20T23:36:02-03:00,20.776,0,concluida,01_Relatorios_Brutos/projectn_home__mobile__r02.report.json,c0645bbdb53356220c811164f671df1cc5cc69fa32447a9aaef67f550b9af983,02_Relatorios_HTML/projectn_home__mobile__r02.report.html,beaf0ee92be87fe46219fcbe3afc780f120c2bc7dfb6bda23b7226df92af5c99,01_Relatorios_Brutos/projectn_home__mobile__r02.stderr.txt
projectn_article,Project N,interna,mobile,2,https://projectn.com.br/call-of-duty-modern-warfare-4-ganha-novo-trailer-focado-no-multiplayer/,2026-08-20T23:36:02-03:00,2026-08-20T23:36:23-03:00,21.138,0,concluida,01_Relatorios_Brutos/projectn_article__mobile__r02.report.json,0a1f42573ec73c53e943dd43f80b1dba75d1a5f41be10e6d623c7ce430605d3d,02_Relatorios_HTML/projectn_article__mobile__r02.report.html,5e0f68c43a5594a4e5092397f953e8f93ae18b270a7bfed9d04c99ec46401779,01_Relatorios_Brutos/projectn_article__mobile__r02.stderr.txt
boy_home,Nintendo Boy,inicial,mobile,2,https://nintendoboy.com.br/,2026-08-20T23:36:23-03:00,2026-08-20T23:36:46-03:00,23.365,0,concluida,01_Relatorios_Brutos/boy_home__mobile__r02.report.json,fbb787dc8f34251c667020e02e892fd3fc01576c54ea550cc6806624214c4801,02_Relatorios_HTML/boy_home__mobile__r02.report.html,92be461cf957dc12a52a855e5637b839b363bd04634e75c228d061dc5b8d9c72,01_Relatorios_Brutos/boy_home__mobile__r02.stderr.txt
boy_article,Nintendo Boy,interna,mobile,2,https://nintendoboy.com.br/2026/08/sin-reloaded-remaster-do-fps-narrativo-de-1998-chega-as-plataformas-nintendo-em-setembro/,2026-08-20T23:36:46-03:00,2026-08-20T23:37:10-03:00,23.989,0,concluida,01_Relatorios_Brutos/boy_article__mobile__r02.report.json,dafbc4cf6934ee36a2362ea34c1612e662e75588ba2803ce2a9876eb35073213,02_Relatorios_HTML/boy_article__mobile__r02.report.html,02e1a1160e118598ff4e79c7222f1f796cddeb97c34e06eb9e6d19fcb01a2d3d,01_Relatorios_Brutos/boy_article__mobile__r02.stderr.txt
nn_home,Nintendista News,inicial,mobile,2,https://nintendista.news/,2026-08-20T23:37:10-03:00,2026-08-20T23:37:23-03:00,13.056,0,concluida,01_Relatorios_Brutos/nn_home__mobile__r02.report.json,1e690479c43886df5829a5cf7178951f22e4fbe7290ae55150f324d5e5e0437d,02_Relatorios_HTML/nn_home__mobile__r02.report.html,0b1805c9d7732b421e3c8bea421de5713facd7c8d4a25ac99cc3b7375331d4f9,01_Relatorios_Brutos/nn_home__mobile__r02.stderr.txt
universo_home,Universo Nintendo,inicial,desktop,2,https://universonintendo.com/,2026-08-20T23:37:23-03:00,2026-08-20T23:38:34-03:00,70.938,0,concluida,01_Relatorios_Brutos/universo_home__desktop__r02.report.json,fd4e81ea6316b975aac693ed0a1b210d0992c0a12177e81af44ca2009bca1d51,02_Relatorios_HTML/universo_home__desktop__r02.report.html,a5f7d625b2a58851e3f65e473ce698c4a01b2b92414c8dc0d71c80924ce31466,01_Relatorios_Brutos/universo_home__desktop__r02.stderr.txt
universo_article,Universo Nintendo,interna,desktop,2,https://universonintendo.com/trails-in-the-sky-2nd-chapter-recebe-demo-gratuita-no-switch/,2026-08-20T23:38:34-03:00,2026-08-20T23:39:10-03:00,35.479,0,concluida,01_Relatorios_Brutos/universo_article__desktop__r02.report.json,526bdc9ce3f20efdf14a4d9e26ce0658c49ff7c0f0cf8ee4f7955e3709a742ab,02_Relatorios_HTML/universo_article__desktop__r02.report.html,f84695dc99d5991e686f04e46992300034e7161a4d271307f08d8158a1b0d92b,01_Relatorios_Brutos/universo_article__desktop__r02.stderr.txt
casa_home,A Casa do Cogumelo,inicial,desktop,2,https://www.acasadocogumelo.com/,2026-08-20T23:39:10-03:00,2026-08-20T23:39:41-03:00,31.241,0,concluida,01_Relatorios_Brutos/casa_home__desktop__r02.report.json,45021b1998abb061bdc3117f7e4033daea336135c6a9dbcb042eef546d53a2e5,02_Relatorios_HTML/casa_home__desktop__r02.report.html,eb3e02f8b212612bd55932cd1793ca9f941bbfae489b048a96f0a5842a722e9c,01_Relatorios_Brutos/casa_home__desktop__r02.stderr.txt
casa_article,A Casa do Cogumelo,interna,desktop,2,https://www.acasadocogumelo.com/logitech-g-anuncia-lancamentos-que-contemplarao-mercado-brasileiro/,2026-08-20T23:39:41-03:00,2026-08-20T23:40:43-03:00,62.322,0,concluida,01_Relatorios_Brutos/casa_article__desktop__r02.report.json,ccb556193d9a665da5c0cb5e2c4cce7e0c4dee84204b4ee3ce0c8cc6b32b9730,02_Relatorios_HTML/casa_article__desktop__r02.report.html,7fc9d1f2ece719225d480bac13d98a697fd8ae658e480c21423b305aba1af65b,01_Relatorios_Brutos/casa_article__desktop__r02.stderr.txt
blast_home,Nintendo Blast,inicial,desktop,2,https://www.nintendoblast.com.br/,2026-08-20T23:40:43-03:00,2026-08-20T23:41:01-03:00,17.672,0,concluida,01_Relatorios_Brutos/blast_home__desktop__r02.report.json,087927c4af0a13bdd21bae17086061658a4eab3f38ad71e03c1270dd523a97cc,02_Relatorios_HTML/blast_home__desktop__r02.report.html,87fa3c0f8e204c65e475fabbf601db8149a39429f1b516f25f67a1112eb047c4,01_Relatorios_Brutos/blast_home__desktop__r02.stderr.txt
blast_article,Nintendo Blast,interna,desktop,2,https://www.nintendoblast.com.br/2026/08/nintendo-switch-online-recebe-icones-de-fire-emblem-three-houses.html,2026-08-20T23:41:01-03:00,2026-08-20T23:41:28-03:00,26.836,0,concluida,01_Relatorios_Brutos/blast_article__desktop__r02.report.json,362d0fea69f98df43aace194332c8d64a05057d57318fa2334db9e96b4067e4a,02_Relatorios_HTML/blast_article__desktop__r02.report.html,a2f8609ba770781d2c26a0e8fecfbed62977377cac66c01745b77cd4da28dfca,01_Relatorios_Brutos/blast_article__desktop__r02.stderr.txt
projectn_home,Project N,inicial,desktop,2,https://projectn.com.br/,2026-08-20T23:41:28-03:00,2026-08-20T23:41:48-03:00,20.477,0,concluida,01_Relatorios_Brutos/projectn_home__desktop__r02.report.json,b0398675a4fbc07a1e2b5d4d360fa7a2d7407fe69f9f12bb18c3c9bf9374941b,02_Relatorios_HTML/projectn_home__desktop__r02.report.html,c73ad4ec8a65f0b04b88b7480ed5170ba2f10d0e5e62a612f23b736cf7ceb88e,01_Relatorios_Brutos/projectn_home__desktop__r02.stderr.txt
projectn_article,Project N,interna,desktop,2,https://projectn.com.br/call-of-duty-modern-warfare-4-ganha-novo-trailer-focado-no-multiplayer/,2026-08-20T23:41:48-03:00,2026-08-20T23:42:09-03:00,20.399,0,concluida,01_Relatorios_Brutos/projectn_article__desktop__r02.report.json,9b110aa2d7a0d6f50380095830ec3e1086f6ca45210d0a26479d97d0c7bccc85,02_Relatorios_HTML/projectn_article__desktop__r02.report.html,ad719d9aedba89fde0312ac8fab37c2f2bfd1b87e62d3f5a7182ba4f194de5ed,01_Relatorios_Brutos/projectn_article__desktop__r02.stderr.txt
boy_home,Nintendo Boy,inicial,desktop,2,https://nintendoboy.com.br/,2026-08-20T23:42:09-03:00,2026-08-20T23:42:26-03:00,17.394,0,concluida,01_Relatorios_Brutos/boy_home__desktop__r02.report.json,7f93bbff33e08cac722476fdc5702b19c83e30bc4cfd75bd7e22006fc77bcb11,02_Relatorios_HTML/boy_home__desktop__r02.report.html,acce3a28599d5323716564a1952274430cbe2583e672daffdb480d2585fb3dcb,01_Relatorios_Brutos/boy_home__desktop__r02.stderr.txt
boy_article,Nintendo Boy,interna,desktop,2,https://nintendoboy.com.br/2026/08/sin-reloaded-remaster-do-fps-narrativo-de-1998-chega-as-plataformas-nintendo-em-setembro/,2026-08-20T23:42:26-03:00,2026-08-20T23:42:52-03:00,25.823,0,concluida,01_Relatorios_Brutos/boy_article__desktop__r02.report.json,8fd5ad86e0696147ab2269c17dfebaae4c2860bde9e6a807e4491144cc9f331b,02_Relatorios_HTML/boy_article__desktop__r02.report.html,938f76464f6b3781fac89caa99955ba9f817c16c917e728616e44ebf9f2ecce9,01_Relatorios_Brutos/boy_article__desktop__r02.stderr.txt
nn_home,Nintendista News,inicial,desktop,2,https://nintendista.news/,2026-08-20T23:42:52-03:00,2026-08-20T23:43:04-03:00,12.310,0,concluida,01_Relatorios_Brutos/nn_home__desktop__r02.report.json,b57d3351556f047d4e384f53065bc2f83588659f6f734943f1b63a85d7403b1c,02_Relatorios_HTML/nn_home__desktop__r02.report.html,f533c86904f8de6a81da48fb9b912f7e54b788e52c93125d5ed0d6c1ce0dea6e,01_Relatorios_Brutos/nn_home__desktop__r02.stderr.txt
nn_article,Nintendista News,interna,desktop,2,https://nintendista.news/noticias/nintendista-news-no-ar/,2026-08-20T23:43:04-03:00,2026-08-20T23:43:15-03:00,11.330,0,concluida,01_Relatorios_Brutos/nn_article__desktop__r02.report.json,14d5e27d9c59a675bce11fd3aafbd9eb805d28525883d159cd341e17a71393d2,02_Relatorios_HTML/nn_article__desktop__r02.report.html,804f8d99cd6bf484748a2d562032996c054c49341ed10a8a4b51e8345e883ed1,01_Relatorios_Brutos/nn_article__desktop__r02.stderr.txt
coelho_home,Coelho News,inicial,desktop,2,https://coelhonews.com/,2026-08-20T23:43:15-03:00,2026-08-20T23:43:33-03:00,17.575,0,concluida,01_Relatorios_Brutos/coelho_home__desktop__r02.report.json,edf979952c8c84256e893604dc7b2180a88428a0c69a59fe7f72bcafe1843ef8,02_Relatorios_HTML/coelho_home__desktop__r02.report.html,9ad0cf62026191d9626410bcd458d9d30abde58c13925afb7fa6a529ca7a9668,01_Relatorios_Brutos/coelho_home__desktop__r02.stderr.txt
coelho_article,Coelho News,interna,desktop,2,https://coelhonews.com/noticias/the-binding-of-isaac-repentance-online-chega-ao-switch-2-em-novembro,2026-08-20T23:43:33-03:00,2026-08-20T23:43:48-03:00,15.434,0,concluida,01_Relatorios_Brutos/coelho_article__desktop__r02.report.json,7cbc5c77d6ac854a77c82a2be88fc82d1df0fa9c3eab08d8217c726df727896e,02_Relatorios_HTML/coelho_article__desktop__r02.report.html,4f8a7fd48a77c132bf8a72fad34588566d18d2f6628753ef4af4471b803698d8,01_Relatorios_Brutos/coelho_article__desktop__r02.stderr.txt
coelho_home,Coelho News,inicial,mobile,3,https://coelhonews.com/,2026-08-20T23:43:48-03:00,2026-08-20T23:44:07-03:00,18.316,0,concluida,01_Relatorios_Brutos/coelho_home__mobile__r03.report.json,94c48bea5128733b5c3f34b9496cfc0c22ac984c020c887583ae234f98fe5e1c,02_Relatorios_HTML/coelho_home__mobile__r03.report.html,2b7d3f9e9493afabfdfbd82a6f24a7caf9af5dd77e2172017b6e4e246fae967d,01_Relatorios_Brutos/coelho_home__mobile__r03.stderr.txt
coelho_article,Coelho News,interna,mobile,3,https://coelhonews.com/noticias/the-binding-of-isaac-repentance-online-chega-ao-switch-2-em-novembro,2026-08-20T23:44:07-03:00,2026-08-20T23:44:22-03:00,15.220,0,concluida,01_Relatorios_Brutos/coelho_article__mobile__r03.report.json,d0395dda14ef1022e749c015e47b5a4ae2bc63555e2677a8e8a1686d154db5c6,02_Relatorios_HTML/coelho_article__mobile__r03.report.html,baaa0bfa6edc6bc6b0e45c8f6ba0622606f3a56b985feb7afa12decaa27891d6,01_Relatorios_Brutos/coelho_article__mobile__r03.stderr.txt
universo_home,Universo Nintendo,inicial,mobile,3,https://universonintendo.com/,2026-08-20T23:44:22-03:00,2026-08-20T23:45:09-03:00,47.349,0,concluida,01_Relatorios_Brutos/universo_home__mobile__r03.report.json,3ae6ea1587d9534ee135ca461e9593333999589655eefd134754fbc9a4cdef46,02_Relatorios_HTML/universo_home__mobile__r03.report.html,0099bc4f2e3bc471f0e311952f565f662f3def49d66ef32b9f9ba3645395e612,01_Relatorios_Brutos/universo_home__mobile__r03.stderr.txt
universo_article,Universo Nintendo,interna,mobile,3,https://universonintendo.com/trails-in-the-sky-2nd-chapter-recebe-demo-gratuita-no-switch/,2026-08-20T23:45:09-03:00,2026-08-20T23:45:47-03:00,37.758,0,concluida,01_Relatorios_Brutos/universo_article__mobile__r03.report.json,81e34408defe08e5b29379c06c55ec1228a7d0b5e1a2004980e26db2c65e1bd6,02_Relatorios_HTML/universo_article__mobile__r03.report.html,bbf6e3feb35ff863be3449e821ec3adfeb8d219af163f4e1a5a3bdf2f29132d0,01_Relatorios_Brutos/universo_article__mobile__r03.stderr.txt
casa_home,A Casa do Cogumelo,inicial,mobile,3,https://www.acasadocogumelo.com/,2026-08-20T23:45:47-03:00,2026-08-20T23:46:13-03:00,25.973,0,concluida,01_Relatorios_Brutos/casa_home__mobile__r03.report.json,1a1a273fc1984f5706d4b4c286e2e8fb4591f85a77e2e64a8be5c821df358d9a,02_Relatorios_HTML/casa_home__mobile__r03.report.html,d3c35297196863b2478f0e1ae6948c232618e0ebce0650d0f47007ce7679dce9,01_Relatorios_Brutos/casa_home__mobile__r03.stderr.txt
casa_article,A Casa do Cogumelo,interna,mobile,3,https://www.acasadocogumelo.com/logitech-g-anuncia-lancamentos-que-contemplarao-mercado-brasileiro/,2026-08-20T23:46:13-03:00,2026-08-20T23:47:14-03:00,60.553,0,concluida,01_Relatorios_Brutos/casa_article__mobile__r03.report.json,f4a100b93f266dd76c12fcc67db5e7c1ccb14751266b80399e26bc0d9e361aef,02_Relatorios_HTML/casa_article__mobile__r03.report.html,37f595338251571c3c237ae3c528cb4f453c98c48b4c2f0ad4f0ce5caf4eea15,01_Relatorios_Brutos/casa_article__mobile__r03.stderr.txt
blast_home,Nintendo Blast,inicial,mobile,3,https://www.nintendoblast.com.br/,2026-08-20T23:47:14-03:00,2026-08-20T23:47:31-03:00,17.505,0,concluida,01_Relatorios_Brutos/blast_home__mobile__r03.report.json,a15613012259276f7cdeb0686c397e3358946945beb40e0978b6d42ae952bf4d,02_Relatorios_HTML/blast_home__mobile__r03.report.html,98005088f994a18c8dbf2d0bec159c5abf64023225072c75adef0b1436b15f96,01_Relatorios_Brutos/blast_home__mobile__r03.stderr.txt
blast_article,Nintendo Blast,interna,mobile,3,https://www.nintendoblast.com.br/2026/08/nintendo-switch-online-recebe-icones-de-fire-emblem-three-houses.html,2026-08-20T23:47:31-03:00,2026-08-20T23:47:55-03:00,23.556,0,concluida,01_Relatorios_Brutos/blast_article__mobile__r03.report.json,fead7e1cd00ca695a6a5b585751396ac10930523319685774448fab566752011,02_Relatorios_HTML/blast_article__mobile__r03.report.html,392d0ff97adac7d720368a1bca121684dddd1af7b258f3293dee3ce1273fb7c3,01_Relatorios_Brutos/blast_article__mobile__r03.stderr.txt
projectn_home,Project N,inicial,mobile,3,https://projectn.com.br/,2026-08-20T23:47:55-03:00,2026-08-20T23:48:16-03:00,20.760,0,concluida,01_Relatorios_Brutos/projectn_home__mobile__r03.report.json,2b67fc3caca94513c257db53a41d8cf56cd6ecefeae65d6ec0c2227e568b6753,02_Relatorios_HTML/projectn_home__mobile__r03.report.html,085b3daa60e8e0580716cfbf43e8d070c898b7faa5b80ffa224f3e567276fffa,01_Relatorios_Brutos/projectn_home__mobile__r03.stderr.txt
projectn_article,Project N,interna,mobile,3,https://projectn.com.br/call-of-duty-modern-warfare-4-ganha-novo-trailer-focado-no-multiplayer/,2026-08-20T23:48:16-03:00,2026-08-20T23:48:35-03:00,19.832,0,concluida,01_Relatorios_Brutos/projectn_article__mobile__r03.report.json,9839a83f1c5510d51b27f63c3deb4356bec953c7317cbec5f6ebc1b115805db3,02_Relatorios_HTML/projectn_article__mobile__r03.report.html,8d8d5ecde5219d91a6a700b535856f0b0f999daa7aa1b5f2504a0d4f01a4c867,01_Relatorios_Brutos/projectn_article__mobile__r03.stderr.txt
boy_home,Nintendo Boy,inicial,mobile,3,https://nintendoboy.com.br/,2026-08-20T23:48:35-03:00,2026-08-20T23:48:55-03:00,19.697,0,concluida,01_Relatorios_Brutos/boy_home__mobile__r03.report.json,6e080e2cc4f028ff3a1763d5b664c1fd7ebdf02038ebe9111544489a13ed40ae,02_Relatorios_HTML/boy_home__mobile__r03.report.html,e2257babda5875af1062ded26b696abce21d42e905e69443da2109ac1decc0b7,01_Relatorios_Brutos/boy_home__mobile__r03.stderr.txt
boy_article,Nintendo Boy,interna,mobile,3,https://nintendoboy.com.br/2026/08/sin-reloaded-remaster-do-fps-narrativo-de-1998-chega-as-plataformas-nintendo-em-setembro/,2026-08-20T23:48:55-03:00,2026-08-20T23:49:19-03:00,23.759,0,concluida,01_Relatorios_Brutos/boy_article__mobile__r03.report.json,b0e33e6ba343b39229158d496911a08e419f778d6d67ea1e980071d6850906ad,02_Relatorios_HTML/boy_article__mobile__r03.report.html,e3fb6e79cf3e797eabe357ade5c30e585db0ba7f1691c5496870480474075196,01_Relatorios_Brutos/boy_article__mobile__r03.stderr.txt
nn_home,Nintendista News,inicial,mobile,3,https://nintendista.news/,2026-08-20T23:49:19-03:00,2026-08-20T23:49:32-03:00,13.049,0,concluida,01_Relatorios_Brutos/nn_home__mobile__r03.report.json,e4bba0fd230bf5b79b80179577abe2d0462900708da06e4df1ff7f33a1c26f58,02_Relatorios_HTML/nn_home__mobile__r03.report.html,5b19468ca9c279aea2fe9d4c499ad50faef03e419f42785f21e4bdd03dba130b,01_Relatorios_Brutos/nn_home__mobile__r03.stderr.txt
nn_article,Nintendista News,interna,mobile,3,https://nintendista.news/noticias/nintendista-news-no-ar/,2026-08-20T23:49:32-03:00,2026-08-20T23:49:45-03:00,12.850,0,concluida,01_Relatorios_Brutos/nn_article__mobile__r03.report.json,f7aedf1e6306939337debf3f8f4181dcb46ae71558b168383e88b8ed947459b1,02_Relatorios_HTML/nn_article__mobile__r03.report.html,79832cc937e3025702582ad93abe300f3d1ca134fbed650f1152644af2259967,01_Relatorios_Brutos/nn_article__mobile__r03.stderr.txt
universo_article,Universo Nintendo,interna,desktop,3,https://universonintendo.com/trails-in-the-sky-2nd-chapter-recebe-demo-gratuita-no-switch/,2026-08-20T23:49:45-03:00,2026-08-20T23:50:25-03:00,39.921,0,concluida,01_Relatorios_Brutos/universo_article__desktop__r03.report.json,71170d56cf41fa7eb5a2cab6ffab98dc8e7cbb705be416a9f66b30cc004b8275,02_Relatorios_HTML/universo_article__desktop__r03.report.html,90f3f04ee67e43414350bc2b1ff3ac020286732282a305432ea844c0ce8a0d86,01_Relatorios_Brutos/universo_article__desktop__r03.stderr.txt
casa_home,A Casa do Cogumelo,inicial,desktop,3,https://www.acasadocogumelo.com/,2026-08-20T23:50:25-03:00,2026-08-20T23:50:54-03:00,29.633,0,concluida,01_Relatorios_Brutos/casa_home__desktop__r03.report.json,c3bf1d81d159178ac91c339779d18c2c503f8158d45d8954c3ce112cc4f39d08,02_Relatorios_HTML/casa_home__desktop__r03.report.html,b1f37b065154d8a61e259eb22531cea283b12d47c5eb9bde1abdbd0eed751177,01_Relatorios_Brutos/casa_home__desktop__r03.stderr.txt
casa_article,A Casa do Cogumelo,interna,desktop,3,https://www.acasadocogumelo.com/logitech-g-anuncia-lancamentos-que-contemplarao-mercado-brasileiro/,2026-08-20T23:50:54-03:00,2026-08-20T23:51:24-03:00,29.450,0,concluida,01_Relatorios_Brutos/casa_article__desktop__r03.report.json,a74449bcfe50f210be29685587e4e4364e416e611e74d14f88046e340c034c92,02_Relatorios_HTML/casa_article__desktop__r03.report.html,24e3f48ebbdc9af67fcc49e0008c33f19d93325bc7d88c0d6e38a83ba58e78fb,01_Relatorios_Brutos/casa_article__desktop__r03.stderr.txt
blast_home,Nintendo Blast,inicial,desktop,3,https://www.nintendoblast.com.br/,2026-08-20T23:51:24-03:00,2026-08-20T23:51:47-03:00,23.387,0,concluida,01_Relatorios_Brutos/blast_home__desktop__r03.report.json,9d130bac6b369e7edfca5d6454ba515e9496af8e7b07b2856aa7eb48c81a1ed5,02_Relatorios_HTML/blast_home__desktop__r03.report.html,497d45eb578ca3a166310acda4c4269cce5ff1153b9259758272ab17fadeede4,01_Relatorios_Brutos/blast_home__desktop__r03.stderr.txt
blast_article,Nintendo Blast,interna,desktop,3,https://www.nintendoblast.com.br/2026/08/nintendo-switch-online-recebe-icones-de-fire-emblem-three-houses.html,2026-08-20T23:51:47-03:00,2026-08-20T23:52:07-03:00,20.033,0,concluida,01_Relatorios_Brutos/blast_article__desktop__r03.report.json,76bc2d9d4d3313c0b2e1221cb0d2d24deb9fec64f053429653947de4b76ef245,02_Relatorios_HTML/blast_article__desktop__r03.report.html,e1b0862f5e13acd5350204f214495f35c5151699262899fdc26180c81592e8ca,01_Relatorios_Brutos/blast_article__desktop__r03.stderr.txt
projectn_home,Project N,inicial,desktop,3,https://projectn.com.br/,2026-08-20T23:52:07-03:00,2026-08-20T23:52:28-03:00,20.375,0,concluida,01_Relatorios_Brutos/projectn_home__desktop__r03.report.json,e70a9ede28e570387257ed1ddfaa7124b912538ebd8a60e2f2d9581c3fbb8a51,02_Relatorios_HTML/projectn_home__desktop__r03.report.html,553af358e7f3980b1b062170d2929b2b7d8c27ccc0701a401fb0c3868bfa4934,01_Relatorios_Brutos/projectn_home__desktop__r03.stderr.txt
projectn_article,Project N,interna,desktop,3,https://projectn.com.br/call-of-duty-modern-warfare-4-ganha-novo-trailer-focado-no-multiplayer/,2026-08-20T23:52:28-03:00,2026-08-20T23:52:48-03:00,20.135,0,concluida,01_Relatorios_Brutos/projectn_article__desktop__r03.report.json,5ed3b555d72512c1ae6460d6447d12633272f0b8d456ee7e2b61bb80081b17be,02_Relatorios_HTML/projectn_article__desktop__r03.report.html,905c53ac64bc3d54839b0c3f1c9e2da2f2c0c53c7ff3da208cba1f82380c205e,01_Relatorios_Brutos/projectn_article__desktop__r03.stderr.txt
boy_home,Nintendo Boy,inicial,desktop,3,https://nintendoboy.com.br/,2026-08-20T23:52:48-03:00,2026-08-20T23:53:05-03:00,17.572,0,concluida,01_Relatorios_Brutos/boy_home__desktop__r03.report.json,d73b00b130a7f387930c0fdd3fc11c465b6641685c1ce76e88b055b4f31cbbcf,02_Relatorios_HTML/boy_home__desktop__r03.report.html,0f81a9526818cf35616da88725af678d262aee2df637e11e56baf331eb5285f5,01_Relatorios_Brutos/boy_home__desktop__r03.stderr.txt
boy_article,Nintendo Boy,interna,desktop,3,https://nintendoboy.com.br/2026/08/sin-reloaded-remaster-do-fps-narrativo-de-1998-chega-as-plataformas-nintendo-em-setembro/,2026-08-20T23:53:05-03:00,2026-08-20T23:53:26-03:00,20.996,0,concluida,01_Relatorios_Brutos/boy_article__desktop__r03.report.json,4ceaa2d7e8c93ea2eb823ba87e94a26b4484dd4fe16b9bdbec66a1dbd3647658,02_Relatorios_HTML/boy_article__desktop__r03.report.html,4d4560277bf6ec041320f9f981c03e49549c93b039ee1f58d96eb550f82c343d,01_Relatorios_Brutos/boy_article__desktop__r03.stderr.txt
nn_home,Nintendista News,inicial,desktop,3,https://nintendista.news/,2026-08-20T23:53:26-03:00,2026-08-20T23:53:39-03:00,12.407,0,concluida,01_Relatorios_Brutos/nn_home__desktop__r03.report.json,6bb153cf3105d5fe2f2359a51f257723f18bda77077717eff5eb8319eb37543a,02_Relatorios_HTML/nn_home__desktop__r03.report.html,9a0388efe9ad4d808b7980393078a5fd33a3631b665347bdc3dfb5aeb585c76f,01_Relatorios_Brutos/nn_home__desktop__r03.stderr.txt
nn_article,Nintendista News,interna,desktop,3,https://nintendista.news/noticias/nintendista-news-no-ar/,2026-08-20T23:53:39-03:00,2026-08-20T23:53:50-03:00,11.218,0,concluida,01_Relatorios_Brutos/nn_article__desktop__r03.report.json,e40075f0c7276a40fb495a1416e8b94e438affc05a2b8c94eec8c76d02d57144,02_Relatorios_HTML/nn_article__desktop__r03.report.html,259b8151fbb0252326106ef15a93770fd456cb7edefe6c5d3eac9ae4ceb4d03a,01_Relatorios_Brutos/nn_article__desktop__r03.stderr.txt
coelho_home,Coelho News,inicial,desktop,3,https://coelhonews.com/,2026-08-20T23:53:50-03:00,2026-08-20T23:54:08-03:00,18.043,0,concluida,01_Relatorios_Brutos/coelho_home__desktop__r03.report.json,fb19ffed92f5607ec0017188c29b78db0e56609fbbfa5ed664ab2cf955a09b19,02_Relatorios_HTML/coelho_home__desktop__r03.report.html,a51a61f52de714c38b012d7ef8df06c6e25c5e663e776011631c767c27b72cc8,01_Relatorios_Brutos/coelho_home__desktop__r03.stderr.txt
coelho_article,Coelho News,interna,desktop,3,https://coelhonews.com/noticias/the-binding-of-isaac-repentance-online-chega-ao-switch-2-em-novembro,2026-08-20T23:54:08-03:00,2026-08-20T23:54:23-03:00,15.268,0,concluida,01_Relatorios_Brutos/coelho_article__desktop__r03.report.json,153742f8f5bc7200c830c7e4a0ce96540bf1b96500edf68d2dc4adca8e386fe8,02_Relatorios_HTML/coelho_article__desktop__r03.report.html,9e3980ed77aebe8eee77c4e614347e650f2e2d15edaab99987911483ff94cd36,01_Relatorios_Brutos/coelho_article__desktop__r03.stderr.txt
universo_home,Universo Nintendo,inicial,desktop,3,https://universonintendo.com/,2026-08-20T23:54:23-03:00,2026-08-20T23:55:16-03:00,52.874,0,concluida,01_Relatorios_Brutos/universo_home__desktop__r03.report.json,bac5eea269439f87a1170321604f064f438faa2de232b736525109c768f8d038,02_Relatorios_HTML/universo_home__desktop__r03.report.html,3fe2aeda509586610520837b261eed35ea16ee87a5cc57bba275c3a0daef479d,01_Relatorios_Brutos/universo_home__desktop__r03.stderr.txt
coelho_article,Coelho News,interna,mobile,4,https://coelhonews.com/noticias/the-binding-of-isaac-repentance-online-chega-ao-switch-2-em-novembro,2026-08-20T23:55:16-03:00,2026-08-20T23:55:31-03:00,15.004,0,concluida,01_Relatorios_Brutos/coelho_article__mobile__r04.report.json,078d0e67a4fc5207f97b0b05bce14b59a7afbd60016321b69a57155bcedc07e9,02_Relatorios_HTML/coelho_article__mobile__r04.report.html,246402046eb96a03905b76a2d855ce85ad676d87c9ab67c223a9528d692a1748,01_Relatorios_Brutos/coelho_article__mobile__r04.stderr.txt
universo_home,Universo Nintendo,inicial,mobile,4,https://universonintendo.com/,2026-08-20T23:55:31-03:00,2026-08-20T23:56:12-03:00,40.860,0,concluida,01_Relatorios_Brutos/universo_home__mobile__r04.report.json,7e9db62af80be64df29f4b201e134bf90812ed7ed8392feb28b6b99489b9ac70,02_Relatorios_HTML/universo_home__mobile__r04.report.html,2db9c6f521f2170347fe30a31f1975f68effb7a323b04cc0b677901d64915960,01_Relatorios_Brutos/universo_home__mobile__r04.stderr.txt
universo_article,Universo Nintendo,interna,mobile,4,https://universonintendo.com/trails-in-the-sky-2nd-chapter-recebe-demo-gratuita-no-switch/,2026-08-20T23:56:12-03:00,2026-08-20T23:56:59-03:00,47.347,0,concluida,01_Relatorios_Brutos/universo_article__mobile__r04.report.json,e26cd68360e29d3e7bd2af2a67f22cdc95557e3a92b3b413d3b04c7af1b74d48,02_Relatorios_HTML/universo_article__mobile__r04.report.html,7ca8703db370f906d7f073fd401394d5623a22df1290399d3614cc9cd262733a,01_Relatorios_Brutos/universo_article__mobile__r04.stderr.txt
casa_home,A Casa do Cogumelo,inicial,mobile,4,https://www.acasadocogumelo.com/,2026-08-20T23:56:59-03:00,2026-08-20T23:57:23-03:00,24.110,0,concluida,01_Relatorios_Brutos/casa_home__mobile__r04.report.json,e1103911bd0becbf19b612f4ade7fcb3310ec067174e1e0b91c6b053019839d3,02_Relatorios_HTML/casa_home__mobile__r04.report.html,edcb6922ccac6bea4967d76eebe1ce90f397115fe3aa55e9df6ddfdecbcbe32f,01_Relatorios_Brutos/casa_home__mobile__r04.stderr.txt
casa_article,A Casa do Cogumelo,interna,mobile,4,https://www.acasadocogumelo.com/logitech-g-anuncia-lancamentos-que-contemplarao-mercado-brasileiro/,2026-08-20T23:57:23-03:00,2026-08-20T23:57:48-03:00,25.052,0,concluida,01_Relatorios_Brutos/casa_article__mobile__r04.report.json,86d497fad9479e430f0fb9fdfba063cda9c7574a861e0f36f87f93a5d69fb503,02_Relatorios_HTML/casa_article__mobile__r04.report.html,27e3e316f961f5db7e495587e6d3bfc9b6eb5b7f8278af7818244a0fbe5d26b1,01_Relatorios_Brutos/casa_article__mobile__r04.stderr.txt
blast_home,Nintendo Blast,inicial,mobile,4,https://www.nintendoblast.com.br/,2026-08-20T23:57:48-03:00,2026-08-20T23:58:07-03:00,18.545,0,concluida,01_Relatorios_Brutos/blast_home__mobile__r04.report.json,b60bc257601e54d4cee4bf3fdbd4d702d50c90e4522fe8e610f17ac0004b7230,02_Relatorios_HTML/blast_home__mobile__r04.report.html,5757edc225b23d1569482db6df92d97489986fa34974c142585b1d64be4b571e,01_Relatorios_Brutos/blast_home__mobile__r04.stderr.txt
blast_article,Nintendo Blast,interna,mobile,4,https://www.nintendoblast.com.br/2026/08/nintendo-switch-online-recebe-icones-de-fire-emblem-three-houses.html,2026-08-20T23:58:07-03:00,2026-08-20T23:58:29-03:00,21.904,0,concluida,01_Relatorios_Brutos/blast_article__mobile__r04.report.json,007f3c1f9cc9f39eaee1599c100535a0a60a1267ec718598d7e76c99c9cf566f,02_Relatorios_HTML/blast_article__mobile__r04.report.html,6e3cd630a43ab3aabff809fd633319e704941c218ef256b5e995d39bb3427b65,01_Relatorios_Brutos/blast_article__mobile__r04.stderr.txt
projectn_home,Project N,inicial,mobile,4,https://projectn.com.br/,2026-08-20T23:58:29-03:00,2026-08-20T23:58:51-03:00,22.529,0,concluida,01_Relatorios_Brutos/projectn_home__mobile__r04.report.json,f49723f9c4e3ccd85049cc2d4ae04a837e7c05693667c0452419e8d4de1b706c,02_Relatorios_HTML/projectn_home__mobile__r04.report.html,d8ab418418ad36bb2ad66fdab09d2628289d473c283f7cfb72f21711b521c66a,01_Relatorios_Brutos/projectn_home__mobile__r04.stderr.txt
projectn_article,Project N,interna,mobile,4,https://projectn.com.br/call-of-duty-modern-warfare-4-ganha-novo-trailer-focado-no-multiplayer/,2026-08-20T23:58:51-03:00,2026-08-20T23:59:11-03:00,19.255,0,concluida,01_Relatorios_Brutos/projectn_article__mobile__r04.report.json,5605efa25323d0c98283f41c049ce7169d84dcc04d3b25a10069ab4e9d3e9737,02_Relatorios_HTML/projectn_article__mobile__r04.report.html,7721ee09e7f86e431b40e3b674f7ea75267c79b9ea0d7c0379066ed043d6dae5,01_Relatorios_Brutos/projectn_article__mobile__r04.stderr.txt
boy_home,Nintendo Boy,inicial,mobile,4,https://nintendoboy.com.br/,2026-08-20T23:59:11-03:00,2026-08-20T23:59:35-03:00,24.108,0,concluida,01_Relatorios_Brutos/boy_home__mobile__r04.report.json,c57dfc99a5e2b06e7d11f74d5159b1d60110a663d985637feed690cb534aa31c,02_Relatorios_HTML/boy_home__mobile__r04.report.html,6ab5ae840393d4d756be89609568cc7ed875d32eef10f272546b68f31a3eba60,01_Relatorios_Brutos/boy_home__mobile__r04.stderr.txt
boy_article,Nintendo Boy,interna,mobile,4,https://nintendoboy.com.br/2026/08/sin-reloaded-remaster-do-fps-narrativo-de-1998-chega-as-plataformas-nintendo-em-setembro/,2026-08-20T23:59:35-03:00,2026-08-20T23:59:59-03:00,24.602,0,concluida,01_Relatorios_Brutos/boy_article__mobile__r04.report.json,006d24545aa193b6fbae42a5d31872a6dcb302e788abf0d5cc27bf983ae706f5,02_Relatorios_HTML/boy_article__mobile__r04.report.html,9cd61e132c92db4ae55ce1f1ac670218128d80c941c49acd31b84948c8acdbd5,01_Relatorios_Brutos/boy_article__mobile__r04.stderr.txt
nn_home,Nintendista News,inicial,mobile,4,https://nintendista.news/,2026-08-20T23:59:59-03:00,2026-08-21T00:00:13-03:00,13.053,0,concluida,01_Relatorios_Brutos/nn_home__mobile__r04.report.json,8f4f69f8601726342d2f22a5413cc1cca5c3c79a3f8ca53f0a9d0e8dff625ca9,02_Relatorios_HTML/nn_home__mobile__r04.report.html,80eb86b15998c26331dd80772848f6f10dc74ddbebd2fcf1467988312881ad00,01_Relatorios_Brutos/nn_home__mobile__r04.stderr.txt
nn_article,Nintendista News,interna,mobile,4,https://nintendista.news/noticias/nintendista-news-no-ar/,2026-08-21T00:00:13-03:00,2026-08-21T00:00:25-03:00,12.631,0,concluida,01_Relatorios_Brutos/nn_article__mobile__r04.report.json,208587d49b5855e481319f42b3bb0ca7bc80f9fb84686838709061431e5c03a0,02_Relatorios_HTML/nn_article__mobile__r04.report.html,644ea6c1f9c7dfdc4fc1d1db7ebc3146dd304a10265002fc038415e3b44f12f8,01_Relatorios_Brutos/nn_article__mobile__r04.stderr.txt
coelho_home,Coelho News,inicial,mobile,4,https://coelhonews.com/,2026-08-21T00:00:25-03:00,2026-08-21T00:00:44-03:00,18.364,0,concluida,01_Relatorios_Brutos/coelho_home__mobile__r04.report.json,2cabd8b570c21c747c03306274d9aff43367e37483c9e74b0239fb01bacf2608,02_Relatorios_HTML/coelho_home__mobile__r04.report.html,fcf7f52b37fe691e8c27d3d4899eabd58b7183311934ca59774c26c5cf7773b3,01_Relatorios_Brutos/coelho_home__mobile__r04.stderr.txt
casa_home,A Casa do Cogumelo,inicial,desktop,4,https://www.acasadocogumelo.com/,2026-08-21T00:00:44-03:00,2026-08-21T00:01:13-03:00,29.786,0,concluida,01_Relatorios_Brutos/casa_home__desktop__r04.report.json,ae5888326c115284b5158d3e832fc4a9e9d19aef5719e22acb692dd17267907e,02_Relatorios_HTML/casa_home__desktop__r04.report.html,4921cdb4ef223f9812aac2b89388b115b5b057dc0f391e328ca707051b3e45f7,01_Relatorios_Brutos/casa_home__desktop__r04.stderr.txt
casa_article,A Casa do Cogumelo,interna,desktop,4,https://www.acasadocogumelo.com/logitech-g-anuncia-lancamentos-que-contemplarao-mercado-brasileiro/,2026-08-21T00:01:13-03:00,2026-08-21T00:01:43-03:00,30.094,0,concluida,01_Relatorios_Brutos/casa_article__desktop__r04.report.json,476d8d478f2fa86242d841489a8f17031c3fc1e2bc7c4b4ddd7d6908ab726767,02_Relatorios_HTML/casa_article__desktop__r04.report.html,1a2dc1c30b9b145d7df7bfefca514dfdf88ecb83b4b0138a509a51e542920918,01_Relatorios_Brutos/casa_article__desktop__r04.stderr.txt
blast_home,Nintendo Blast,inicial,desktop,4,https://www.nintendoblast.com.br/,2026-08-21T00:01:43-03:00,2026-08-21T00:02:01-03:00,18.031,0,concluida,01_Relatorios_Brutos/blast_home__desktop__r04.report.json,fa20b550bc8afb90c75bc4ad411f3762142c29be3099ad01c2de239749115362,02_Relatorios_HTML/blast_home__desktop__r04.report.html,1f4e74b285a818c3b603b0b6177cad7f60e48785f91bb245df9934d88e28460d,01_Relatorios_Brutos/blast_home__desktop__r04.stderr.txt
blast_article,Nintendo Blast,interna,desktop,4,https://www.nintendoblast.com.br/2026/08/nintendo-switch-online-recebe-icones-de-fire-emblem-three-houses.html,2026-08-21T00:02:01-03:00,2026-08-21T00:02:19-03:00,17.713,0,concluida,01_Relatorios_Brutos/blast_article__desktop__r04.report.json,695d82b40eec989b547646a9f6b60e176329e464c0185f1d7fe049ee813d9def,02_Relatorios_HTML/blast_article__desktop__r04.report.html,bbe2c322ca0ffec2ffe093f2f5652f3d5ea3aa5d2e69401651ff3d4dd8b0c6e8,01_Relatorios_Brutos/blast_article__desktop__r04.stderr.txt
projectn_home,Project N,inicial,desktop,4,https://projectn.com.br/,2026-08-21T00:02:19-03:00,2026-08-21T00:02:39-03:00,20.302,0,concluida,01_Relatorios_Brutos/projectn_home__desktop__r04.report.json,d6a683ac9a975b71eebb4feedc0363d7d609bcd98a9c7fe9f27733e3af2b8541,02_Relatorios_HTML/projectn_home__desktop__r04.report.html,c7f109661fb49c82a0e385aeabada37436e3606d043fa5c5a05514cc464f29f3,01_Relatorios_Brutos/projectn_home__desktop__r04.stderr.txt
projectn_article,Project N,interna,desktop,4,https://projectn.com.br/call-of-duty-modern-warfare-4-ganha-novo-trailer-focado-no-multiplayer/,2026-08-21T00:02:39-03:00,2026-08-21T00:02:59-03:00,19.858,0,concluida,01_Relatorios_Brutos/projectn_article__desktop__r04.report.json,00e64019e7f87485cc82227e1a6b6961fb545240cf04a487d0a95476d308974c,02_Relatorios_HTML/projectn_article__desktop__r04.report.html,afd61ef0cee242199486523172a5e62ee0a31e294ba4e94f59e35d4e685864a0,01_Relatorios_Brutos/projectn_article__desktop__r04.stderr.txt
boy_home,Nintendo Boy,inicial,desktop,4,https://nintendoboy.com.br/,2026-08-21T00:02:59-03:00,2026-08-21T00:03:16-03:00,16.616,0,concluida,01_Relatorios_Brutos/boy_home__desktop__r04.report.json,73006c29028ee9739379eaf84834e1a5302ddcd3fd0df02651aee5b0244ca560,02_Relatorios_HTML/boy_home__desktop__r04.report.html,8eda3de38ebf4994adc4ff2c7530a1e07764c648f4407cf111ba03a688cfccdb,01_Relatorios_Brutos/boy_home__desktop__r04.stderr.txt
boy_article,Nintendo Boy,interna,desktop,4,https://nintendoboy.com.br/2026/08/sin-reloaded-remaster-do-fps-narrativo-de-1998-chega-as-plataformas-nintendo-em-setembro/,2026-08-21T00:03:16-03:00,2026-08-21T00:03:38-03:00,21.607,0,concluida,01_Relatorios_Brutos/boy_article__desktop__r04.report.json,68d45aed5abbe15e4606704acd4866d9916d942e065f352eee9953fa9155af9b,02_Relatorios_HTML/boy_article__desktop__r04.report.html,4717fa5f3335a7cbea88256894d452830aa35a93e3fc66eba5fc5b1cac62bf35,01_Relatorios_Brutos/boy_article__desktop__r04.stderr.txt
nn_home,Nintendista News,inicial,desktop,4,https://nintendista.news/,2026-08-21T00:03:38-03:00,2026-08-21T00:03:50-03:00,12.135,0,concluida,01_Relatorios_Brutos/nn_home__desktop__r04.report.json,917a1ca9797925d73095e6bd8c59ed8f7b92550280debbfc4afaea28a5af584d,02_Relatorios_HTML/nn_home__desktop__r04.report.html,74e5eafb81dba3776b36e1785b98abc97ba46572bcd034e5cb2442f534ded5c4,01_Relatorios_Brutos/nn_home__desktop__r04.stderr.txt
nn_article,Nintendista News,interna,desktop,4,https://nintendista.news/noticias/nintendista-news-no-ar/,2026-08-21T00:03:50-03:00,2026-08-21T00:04:01-03:00,11.313,0,concluida,01_Relatorios_Brutos/nn_article__desktop__r04.report.json,68d4bdb8c1aeacde4c728118d9f59df95a76860b70e000002fa17fd010aac44b,02_Relatorios_HTML/nn_article__desktop__r04.report.html,2ca9369ebc916ea26342c6a2e9a77d61ee257d3d32fcebf9f2335f3401dec4ec,01_Relatorios_Brutos/nn_article__desktop__r04.stderr.txt
coelho_home,Coelho News,inicial,desktop,4,https://coelhonews.com/,2026-08-21T00:04:01-03:00,2026-08-21T00:04:19-03:00,17.723,0,concluida,01_Relatorios_Brutos/coelho_home__desktop__r04.report.json,c71924b68a771171345e46d0a558d8320bd3817421cbe4cb463faceeb8e00295,02_Relatorios_HTML/coelho_home__desktop__r04.report.html,321c66f9cdb7c0e3361972037b897a1624854e2340a5813cb18bfbe34ac7a820,01_Relatorios_Brutos/coelho_home__desktop__r04.stderr.txt
coelho_article,Coelho News,interna,desktop,4,https://coelhonews.com/noticias/the-binding-of-isaac-repentance-online-chega-ao-switch-2-em-novembro,2026-08-21T00:04:19-03:00,2026-08-21T00:04:35-03:00,15.950,0,concluida,01_Relatorios_Brutos/coelho_article__desktop__r04.report.json,9bbae57847a84e0789aaae6e25f55398c21cf38c3ede03c28d5bcce4a8e2a7ac,02_Relatorios_HTML/coelho_article__desktop__r04.report.html,f6127f43d61a00c8242ccba8f0cdc4047b36639e4cd02b9bc5dfd3f084df4807,01_Relatorios_Brutos/coelho_article__desktop__r04.stderr.txt
universo_home,Universo Nintendo,inicial,desktop,4,https://universonintendo.com/,2026-08-21T00:04:35-03:00,2026-08-21T00:05:47-03:00,71.877,0,concluida,01_Relatorios_Brutos/universo_home__desktop__r04.report.json,faa8236892461ee938880db98c1b8dddb2d174c0419a1be6949154bd9f6d1363,02_Relatorios_HTML/universo_home__desktop__r04.report.html,9e8e1fd22a5f06bd1a3f303748ae69a2f8c91c57a1d729867a766086975f1482,01_Relatorios_Brutos/universo_home__desktop__r04.stderr.txt
universo_article,Universo Nintendo,interna,desktop,4,https://universonintendo.com/trails-in-the-sky-2nd-chapter-recebe-demo-gratuita-no-switch/,2026-08-21T00:05:47-03:00,2026-08-21T00:06:23-03:00,36.792,0,concluida,01_Relatorios_Brutos/universo_article__desktop__r04.report.json,cff8521ff9ced6c5233e3c3b92c06075e92ed22e2ca5439011431c1619e795a5,02_Relatorios_HTML/universo_article__desktop__r04.report.html,6237c4fe54e2e0cdff9fd7ccd0a73bf9ca8ce5c102184f0c7561d3f62202b549,01_Relatorios_Brutos/universo_article__desktop__r04.stderr.txt
universo_home,Universo Nintendo,inicial,mobile,5,https://universonintendo.com/,2026-08-21T00:06:23-03:00,2026-08-21T00:07:11-03:00,48.106,0,concluida,01_Relatorios_Brutos/universo_home__mobile__r05.report.json,69c89a24b0d0d45d8401508632d53fcf300df5cd7b9f2ac3a8854a25dd0a8e28,02_Relatorios_HTML/universo_home__mobile__r05.report.html,f002fc005cef4396af50563a2e7478b14988d9e49cfc6d7736d6d4374a326c7f,01_Relatorios_Brutos/universo_home__mobile__r05.stderr.txt
universo_article,Universo Nintendo,interna,mobile,5,https://universonintendo.com/trails-in-the-sky-2nd-chapter-recebe-demo-gratuita-no-switch/,2026-08-21T00:07:11-03:00,2026-08-21T00:07:52-03:00,40.303,0,concluida,01_Relatorios_Brutos/universo_article__mobile__r05.report.json,d32e344d3d563571d007e791b5101341deeedeb21efe5a460f9c7a19bd026c88,02_Relatorios_HTML/universo_article__mobile__r05.report.html,7f010e3027460e7ea8e2cf1e2f60e0891a37b5bc61815f64d46416e64fb738f1,01_Relatorios_Brutos/universo_article__mobile__r05.stderr.txt
casa_home,A Casa do Cogumelo,inicial,mobile,5,https://www.acasadocogumelo.com/,2026-08-21T00:07:52-03:00,2026-08-21T00:08:24-03:00,32.345,0,concluida,01_Relatorios_Brutos/casa_home__mobile__r05.report.json,1c1e83249b2e00c7711f8603a5c1d37ba6f20d9023a3d6cf6223f65aec44b6ae,02_Relatorios_HTML/casa_home__mobile__r05.report.html,a166f724eb8dd4fd0fdb398736b6d3efb9d7801206dc4c9ebec5707ea366a74e,01_Relatorios_Brutos/casa_home__mobile__r05.stderr.txt
casa_article,A Casa do Cogumelo,interna,mobile,5,https://www.acasadocogumelo.com/logitech-g-anuncia-lancamentos-que-contemplarao-mercado-brasileiro/,2026-08-21T00:08:24-03:00,2026-08-21T00:08:54-03:00,30.264,0,concluida,01_Relatorios_Brutos/casa_article__mobile__r05.report.json,5a17d0b01bb9d468a0354a58b35b3c7a3db0b21c92aec98ff7a61d5c767bf774,02_Relatorios_HTML/casa_article__mobile__r05.report.html,7f0802711ba130c362c76a772492f59a7b295f7444d03330f0453ae32e0b9cee,01_Relatorios_Brutos/casa_article__mobile__r05.stderr.txt
blast_home,Nintendo Blast,inicial,mobile,5,https://www.nintendoblast.com.br/,2026-08-21T00:08:54-03:00,2026-08-21T00:09:11-03:00,16.311,0,concluida,01_Relatorios_Brutos/blast_home__mobile__r05.report.json,929381e99ae8d2189771deb8ecaf2a93bb7f69b51784d908b51a603f4d9cd777,02_Relatorios_HTML/blast_home__mobile__r05.report.html,5af525551d9210d916b03f5cc7b2a13064522cf266791f06437c4ad505a90e70,01_Relatorios_Brutos/blast_home__mobile__r05.stderr.txt
blast_article,Nintendo Blast,interna,mobile,5,https://www.nintendoblast.com.br/2026/08/nintendo-switch-online-recebe-icones-de-fire-emblem-three-houses.html,2026-08-21T00:09:11-03:00,2026-08-21T00:09:32-03:00,21.495,0,concluida,01_Relatorios_Brutos/blast_article__mobile__r05.report.json,47b2d228e23c5ddc3a70041329a893de605fcc637b7e29d20a3ea26e932412f9,02_Relatorios_HTML/blast_article__mobile__r05.report.html,2bf4fbdf28ce105851927a46d7af2c87d4aad852fd7510f6c7e126e89c6ba037,01_Relatorios_Brutos/blast_article__mobile__r05.stderr.txt
projectn_home,Project N,inicial,mobile,5,https://projectn.com.br/,2026-08-21T00:09:32-03:00,2026-08-21T00:09:52-03:00,20.247,0,concluida,01_Relatorios_Brutos/projectn_home__mobile__r05.report.json,a961b85f0a0fa2bad2abb72ea0b6ac9e65a2ea50225ea5d2fca4809d933ecf50,02_Relatorios_HTML/projectn_home__mobile__r05.report.html,c85950d9b36de87996eb2fac683f67a843d29269e9894640d03b33e6859553b6,01_Relatorios_Brutos/projectn_home__mobile__r05.stderr.txt
projectn_article,Project N,interna,mobile,5,https://projectn.com.br/call-of-duty-modern-warfare-4-ganha-novo-trailer-focado-no-multiplayer/,2026-08-21T00:09:52-03:00,2026-08-21T00:10:13-03:00,20.102,0,concluida,01_Relatorios_Brutos/projectn_article__mobile__r05.report.json,9f24c922fb57de2fa1a26af2be08c00bdc021cfe4fccbb3a2694321b2e7d683b,02_Relatorios_HTML/projectn_article__mobile__r05.report.html,2435255ad38b2e29fda369262667d27125d14ee80165d908ffea4d42cc452d67,01_Relatorios_Brutos/projectn_article__mobile__r05.stderr.txt
boy_home,Nintendo Boy,inicial,mobile,5,https://nintendoboy.com.br/,2026-08-21T00:10:13-03:00,2026-08-21T00:11:14-03:00,61.760,0,concluida,01_Relatorios_Brutos/boy_home__mobile__r05.report.json,40e5f711e2f106a456183bc68211b0827706a5433eafb8acafa68a20125f1c8f,02_Relatorios_HTML/boy_home__mobile__r05.report.html,6348dccedfedc2663bc024d68bc667f814a2a6ff8717beca16f420ff336e80fb,01_Relatorios_Brutos/boy_home__mobile__r05.stderr.txt
boy_article,Nintendo Boy,interna,mobile,5,https://nintendoboy.com.br/2026/08/sin-reloaded-remaster-do-fps-narrativo-de-1998-chega-as-plataformas-nintendo-em-setembro/,2026-08-21T00:11:14-03:00,2026-08-21T00:11:37-03:00,23.012,0,concluida,01_Relatorios_Brutos/boy_article__mobile__r05.report.json,a5d258249b53073ef58f9a16a99ed77521cfba59cc9eeea7ef0aebfa2cb07060,02_Relatorios_HTML/boy_article__mobile__r05.report.html,9a03c8047c48bc655e563d8d90513140327c934b2251d00c8d16477b02dfebff,01_Relatorios_Brutos/boy_article__mobile__r05.stderr.txt
nn_home,Nintendista News,inicial,mobile,5,https://nintendista.news/,2026-08-21T00:11:37-03:00,2026-08-21T00:11:50-03:00,12.938,0,concluida,01_Relatorios_Brutos/nn_home__mobile__r05.report.json,52e9d9630c08e23581eba6399d40c280701b071e88006081bcd170e7541b0957,02_Relatorios_HTML/nn_home__mobile__r05.report.html,34daab7e72e34c65def3811423f067e2d4712e6ae46725e4d57c9223d3ea9626,01_Relatorios_Brutos/nn_home__mobile__r05.stderr.txt
nn_article,Nintendista News,interna,mobile,5,https://nintendista.news/noticias/nintendista-news-no-ar/,2026-08-21T00:11:50-03:00,2026-08-21T00:12:03-03:00,12.880,0,concluida,01_Relatorios_Brutos/nn_article__mobile__r05.report.json,2028b3e4448a09f0edba06ae4d60a46dcfe45bb13aa950cf9d37dbe4b63711e8,02_Relatorios_HTML/nn_article__mobile__r05.report.html,2ddaa94ca965f254da757c7d49e0e5ea65d0de9824453a7c60420c1bd507ad1b,01_Relatorios_Brutos/nn_article__mobile__r05.stderr.txt
coelho_home,Coelho News,inicial,mobile,5,https://coelhonews.com/,2026-08-21T00:12:03-03:00,2026-08-21T00:12:21-03:00,17.350,0,concluida,01_Relatorios_Brutos/coelho_home__mobile__r05.report.json,e585326abdf89ec2293b854d18b1ecf6ae328148f5b43dba09a43cd44cadd440,02_Relatorios_HTML/coelho_home__mobile__r05.report.html,01e789415dc447fe20cdbae742bcfd60c12477f9bc58f77afded76da81c52fac,01_Relatorios_Brutos/coelho_home__mobile__r05.stderr.txt
coelho_article,Coelho News,interna,mobile,5,https://coelhonews.com/noticias/the-binding-of-isaac-repentance-online-chega-ao-switch-2-em-novembro,2026-08-21T00:12:21-03:00,2026-08-21T00:12:36-03:00,15.420,0,concluida,01_Relatorios_Brutos/coelho_article__mobile__r05.report.json,c78290511c8e2f5d78639712773b58d2322c92972be98b4a2ceab377d9e0af38,02_Relatorios_HTML/coelho_article__mobile__r05.report.html,348708db33125e0ed3583bf28bfbc2d16c6081b4da9438e809dd55c75ed5cbf6,01_Relatorios_Brutos/coelho_article__mobile__r05.stderr.txt
casa_article,A Casa do Cogumelo,interna,desktop,5,https://www.acasadocogumelo.com/logitech-g-anuncia-lancamentos-que-contemplarao-mercado-brasileiro/,2026-08-21T00:12:36-03:00,2026-08-21T00:13:01-03:00,24.658,0,concluida,01_Relatorios_Brutos/casa_article__desktop__r05.report.json,2e2d714fc38eb011d7b51329b2797323fe08c5265ebb5d6162900895008fbbc2,02_Relatorios_HTML/casa_article__desktop__r05.report.html,9cd143e48ae741795fc9f4678986a56f405fea815cab7307a4af41344c0d0b1c,01_Relatorios_Brutos/casa_article__desktop__r05.stderr.txt
blast_home,Nintendo Blast,inicial,desktop,5,https://www.nintendoblast.com.br/,2026-08-21T00:13:01-03:00,2026-08-21T00:13:24-03:00,22.933,0,concluida,01_Relatorios_Brutos/blast_home__desktop__r05.report.json,9bb159693d44616864865a21c6996384d9e3d8d1a7e4a76a8792cf931582b8d5,02_Relatorios_HTML/blast_home__desktop__r05.report.html,c5083f9be9ce94705818508ea62a45e7c70eace4134ba807858466f00fc58e36,01_Relatorios_Brutos/blast_home__desktop__r05.stderr.txt
blast_article,Nintendo Blast,interna,desktop,5,https://www.nintendoblast.com.br/2026/08/nintendo-switch-online-recebe-icones-de-fire-emblem-three-houses.html,2026-08-21T00:13:24-03:00,2026-08-21T00:13:42-03:00,18.214,0,concluida,01_Relatorios_Brutos/blast_article__desktop__r05.report.json,6f3ed75d2a47b317b802ca3596a0edb5cd2694fb24d5f8433b8295bfaf7c2d3f,02_Relatorios_HTML/blast_article__desktop__r05.report.html,caa3b7179746b186037c653437975610411f8ebccc1c65688a5ae96f5ab002ec,01_Relatorios_Brutos/blast_article__desktop__r05.stderr.txt
projectn_home,Project N,inicial,desktop,5,https://projectn.com.br/,2026-08-21T00:13:42-03:00,2026-08-21T00:14:04-03:00,22.683,0,concluida,01_Relatorios_Brutos/projectn_home__desktop__r05.report.json,fda9249c2e24894901d0f9db4463215eb8ca025b4fb999646b52d7debd0f8571,02_Relatorios_HTML/projectn_home__desktop__r05.report.html,6ecad4a185e3d0cdf33ef30eaeccb8d7f5347ce796a2ca14838d8cde0010ad10,01_Relatorios_Brutos/projectn_home__desktop__r05.stderr.txt
projectn_article,Project N,interna,desktop,5,https://projectn.com.br/call-of-duty-modern-warfare-4-ganha-novo-trailer-focado-no-multiplayer/,2026-08-21T00:14:04-03:00,2026-08-21T00:14:24-03:00,19.824,0,concluida,01_Relatorios_Brutos/projectn_article__desktop__r05.report.json,84886003a6f0559f3e910cff09b9bc8beef0b37eebb1a7108209d4caba81aaa9,02_Relatorios_HTML/projectn_article__desktop__r05.report.html,97a35b4ec746961b5fd094c5d366e85bacc8a4d84350a9a70898f819be455552,01_Relatorios_Brutos/projectn_article__desktop__r05.stderr.txt
boy_home,Nintendo Boy,inicial,desktop,5,https://nintendoboy.com.br/,2026-08-21T00:14:24-03:00,2026-08-21T00:14:42-03:00,17.868,0,concluida,01_Relatorios_Brutos/boy_home__desktop__r05.report.json,af0253d235d530927e11ee95e0bfd3d98a8251bd84e06d05f20c7318600c74d1,02_Relatorios_HTML/boy_home__desktop__r05.report.html,9d7f6f0d1f6406133b7ca55cf4ddd94b73e614e0b4809fef442e8a7da072e985,01_Relatorios_Brutos/boy_home__desktop__r05.stderr.txt
boy_article,Nintendo Boy,interna,desktop,5,https://nintendoboy.com.br/2026/08/sin-reloaded-remaster-do-fps-narrativo-de-1998-chega-as-plataformas-nintendo-em-setembro/,2026-08-21T00:14:42-03:00,2026-08-21T00:15:04-03:00,21.810,0,concluida,01_Relatorios_Brutos/boy_article__desktop__r05.report.json,d64418c981edf501c1871664fd42006110a7349db9aba8224b3fc52ffb05619b,02_Relatorios_HTML/boy_article__desktop__r05.report.html,dc8a9492d9992a24aaec54ec54242c0dc957b2ec2ef061d1d2b75569c89b8be5,01_Relatorios_Brutos/boy_article__desktop__r05.stderr.txt
nn_home,Nintendista News,inicial,desktop,5,https://nintendista.news/,2026-08-21T00:15:04-03:00,2026-08-21T00:15:16-03:00,11.916,0,concluida,01_Relatorios_Brutos/nn_home__desktop__r05.report.json,d5ff88e1f44a45e7c67932170a9221317a5461bb147dbe695f6d0d13d2db1ae6,02_Relatorios_HTML/nn_home__desktop__r05.report.html,2ceb50d7d4c3d05ad775d46357065464d2649c71399694f00012a6974413ba9d,01_Relatorios_Brutos/nn_home__desktop__r05.stderr.txt
nn_article,Nintendista News,interna,desktop,5,https://nintendista.news/noticias/nintendista-news-no-ar/,2026-08-21T00:15:16-03:00,2026-08-21T00:15:27-03:00,11.344,0,concluida,01_Relatorios_Brutos/nn_article__desktop__r05.report.json,1d3a500440a3e3ffd1ad76b2cf6358a038c0242b37fd90ffb67a59699c359758,02_Relatorios_HTML/nn_article__desktop__r05.report.html,035573a5fb5ffc479adce397bbd568c606f9bbb6aed8a25e26098f4673160176,01_Relatorios_Brutos/nn_article__desktop__r05.stderr.txt
coelho_home,Coelho News,inicial,desktop,5,https://coelhonews.com/,2026-08-21T00:15:27-03:00,2026-08-21T00:15:45-03:00,17.591,0,concluida,01_Relatorios_Brutos/coelho_home__desktop__r05.report.json,598c88efacd36372ec1dccbe027197c51668d178af81227eed8fe6ee0da28aa7,02_Relatorios_HTML/coelho_home__desktop__r05.report.html,137f8bffb77654042f7b40cb48005f045620896cda39ef70358a71627481da85,01_Relatorios_Brutos/coelho_home__desktop__r05.stderr.txt
coelho_article,Coelho News,interna,desktop,5,https://coelhonews.com/noticias/the-binding-of-isaac-repentance-online-chega-ao-switch-2-em-novembro,2026-08-21T00:15:45-03:00,2026-08-21T00:16:00-03:00,15.117,0,concluida,01_Relatorios_Brutos/coelho_article__desktop__r05.report.json,89fc4880e0b746b20faa1d799bc2f238cb2d2910f3313338759e031f3a8c56c7,02_Relatorios_HTML/coelho_article__desktop__r05.report.html,24d4ddf8f2c87ba909b0af564f895173868908b9a3c8a658fb1c9d8a3f9f303c,01_Relatorios_Brutos/coelho_article__desktop__r05.stderr.txt
universo_home,Universo Nintendo,inicial,desktop,5,https://universonintendo.com/,2026-08-21T00:16:00-03:00,2026-08-21T00:16:47-03:00,47.141,0,concluida,01_Relatorios_Brutos/universo_home__desktop__r05.report.json,797b70e00b371218aa6d7dc6368dada0af1226645d2ef2a88923019c39050798,02_Relatorios_HTML/universo_home__desktop__r05.report.html,bdda8e03603bb73f7689ecbc493a24834b5f2da76019689aaa1f83d1aa28eeb9,01_Relatorios_Brutos/universo_home__desktop__r05.stderr.txt
universo_article,Universo Nintendo,interna,desktop,5,https://universonintendo.com/trails-in-the-sky-2nd-chapter-recebe-demo-gratuita-no-switch/,2026-08-21T00:16:47-03:00,2026-08-21T00:17:24-03:00,36.438,0,concluida,01_Relatorios_Brutos/universo_article__desktop__r05.report.json,a44a7453d2816184779ef8c33e4571ac25f196c8c0c716a9f8959e9f489a5434,02_Relatorios_HTML/universo_article__desktop__r05.report.html,cdcd7761549044abfab74b249b17960002319eb7e96555807ef76411a730f40f,01_Relatorios_Brutos/universo_article__desktop__r05.stderr.txt
casa_home,A Casa do Cogumelo,inicial,desktop,5,https://www.acasadocogumelo.com/,2026-08-21T00:17:24-03:00,2026-08-21T00:17:49-03:00,25.830,0,concluida,01_Relatorios_Brutos/casa_home__desktop__r05.report.json,42c0fda4ba2c3945f06570ed11ad10b897baba9d3ac58d6793725dbc72f83f23,02_Relatorios_HTML/casa_home__desktop__r05.report.html,023e2b82826bf5eafd4c38c73eb1f4a9589421b36abd2c5d6f6fa74214bd98f5,01_Relatorios_Brutos/casa_home__desktop__r05.stderr.txt
