id,veiculo,tipo_pagina,perfil,repeticao,inicio,termino,url_solicitada,url_final,http_status,lighthouse,valida,erro,performance,accessibility,best_practices,seo,fcp_ms,lcp_ms,speed_index_ms,tbt_ms,cls,arquivo_json,sha256_json
nn_home,Nintendista News,inicial,mobile,1,2026-08-20T23:20:11-03:00,2026-08-20T23:20:24-03:00,https://nintendista.news/,https://nintendista.news/,200,13.4.1,sim,,87.0,100.0,100.0,100.0,2491.73,3507.177,2607.66498597765,0.0,0.0,01_Relatorios_Brutos/nn_home__mobile__r01.report.json,023beaaf9fb9679b22f794582847579e0a3c320660eac4db7c3ee6a1743ae5eb
nn_article,Nintendista News,interna,mobile,1,2026-08-20T23:20:24-03:00,2026-08-20T23:20:37-03:00,https://nintendista.news/noticias/nintendista-news-no-ar/,https://nintendista.news/noticias/nintendista-news-no-ar/,200,13.4.1,sim,,93.0,100.0,100.0,100.0,2109.3145,2593.441,3946.4271733332134,0.0,0.0,01_Relatorios_Brutos/nn_article__mobile__r01.report.json,bc7ce9b49af2c6f1941ea02a826b9fdd8ac70bdb912fe991ee40885a4c0fbb0f
coelho_home,Coelho News,inicial,mobile,1,2026-08-20T23:20:37-03:00,2026-08-20T23:20:56-03:00,https://coelhonews.com/,https://coelhonews.com/,200,13.4.1,sim,,60.0,88.0,73.0,100.0,2397.1355000000003,7108.827499999998,6320.343621293237,328.5,0.005651610960109489,01_Relatorios_Brutos/coelho_home__mobile__r01.report.json,423c3ddb3dc42815df8e9fe9693a97a5e6ed702908ddc107a2b1ee3085b004f8
coelho_article,Coelho News,interna,mobile,1,2026-08-20T23:20:56-03:00,2026-08-20T23:21:11-03:00,https://coelhonews.com/noticias/the-binding-of-isaac-repentance-online-chega-ao-switch-2-em-novembro,https://coelhonews.com/noticias/the-binding-of-isaac-repentance-online-chega-ao-switch-2-em-novembro,200,13.4.1,sim,,56.00000000000001,90.0,73.0,100.0,7716.263500000001,9729.2505,7716.263500000001,127.5,0.0,01_Relatorios_Brutos/coelho_article__mobile__r01.report.json,64c9fc0f98bd5c6ee51814c877301f26b40f7b22ce91a4c0c871be996c979ab3
universo_home,Universo Nintendo,inicial,mobile,1,2026-08-20T23:21:11-03:00,2026-08-20T23:22:28-03:00,https://universonintendo.com/,https://universonintendo.com/,200,13.4.1,sim,,19.0,84.0,50.0,100.0,5112.772000000001,11732.791999999998,22651.386283914428,1826.0,0.207941646920463,01_Relatorios_Brutos/universo_home__mobile__r01.report.json,7c82a6c65b517e14d644412df8f2a6858655eaabbafd57ef8c1b500ea5ea1917
universo_article,Universo Nintendo,interna,mobile,1,2026-08-20T23:22:28-03:00,2026-08-20T23:23:08-03:00,https://universonintendo.com/trails-in-the-sky-2nd-chapter-recebe-demo-gratuita-no-switch/,https://universonintendo.com/trails-in-the-sky-2nd-chapter-recebe-demo-gratuita-no-switch/,200,13.4.1,sim,,10.0,92.0,50.0,100.0,5289.218000000001,18755.646999999997,24223.066226414157,1955.5000000000036,0.382157772245442,01_Relatorios_Brutos/universo_article__mobile__r01.report.json,ae3eaa358ab847f93b026d2efdeca864eec870c8fa6b0f12478fdfa10682f0e9
casa_home,A Casa do Cogumelo,inicial,mobile,1,2026-08-20T23:23:08-03:00,2026-08-20T23:23:37-03:00,https://www.acasadocogumelo.com/,https://www.acasadocogumelo.com/,200,13.4.1,sim,,32.0,69.0,57.99999999999999,77.0,10998.161999999998,26341.208499999993,19516.746676745515,187.0,0.4618315657846618,01_Relatorios_Brutos/casa_home__mobile__r01.report.json,09aa2583908df1c5d97dcae2370a9d2fba69eec0cb55c82faa01cac1e6231e28
casa_article,A Casa do Cogumelo,interna,mobile,1,2026-08-20T23:23:37-03:00,2026-08-20T23:24:08-03:00,https://www.acasadocogumelo.com/logitech-g-anuncia-lancamentos-que-contemplarao-mercado-brasileiro/,https://www.acasadocogumelo.com/logitech-g-anuncia-lancamentos-que-contemplarao-mercado-brasileiro/,200,13.4.1,sim,,55.00000000000001,78.0,57.99999999999999,77.0,8231.997000000001,22015.836000000003,15552.828315103608,20.0,0.0018187532818264292,01_Relatorios_Brutos/casa_article__mobile__r01.report.json,f739f191766332ff01c0886732e45d44bbb0b4e04f52fb132c72efd8e59c8361
blast_home,Nintendo Blast,inicial,mobile,1,2026-08-20T23:24:08-03:00,2026-08-20T23:24:25-03:00,https://www.nintendoblast.com.br/,https://www.nintendoblast.com.br/,200,13.4.1,sim,,69.0,84.0,77.0,92.0,2303.384,10166.346999999998,4888.079950690507,70.0,0.0023607434496382114,01_Relatorios_Brutos/blast_home__mobile__r01.report.json,55ea7e4db2e26e25db33523758c91080d14b2514f2505ccc811adef925a5f092
blast_article,Nintendo Blast,interna,mobile,1,2026-08-20T23:24:25-03:00,2026-08-20T23:24:48-03:00,https://www.nintendoblast.com.br/2026/08/nintendo-switch-online-recebe-icones-de-fire-emblem-three-houses.html,https://www.nintendoblast.com.br/2026/08/nintendo-switch-online-recebe-icones-de-fire-emblem-three-houses.html,200,13.4.1,sim,,65.0,80.0,77.0,85.0,2607.6395,9161.944,6536.782685131377,81.5,0.0073608755453266434,01_Relatorios_Brutos/blast_article__mobile__r01.report.json,370ad7545465e34eef50b79c957ec7f32ec5ea60d465888dfb2a13ae3777a7b3
projectn_home,Project N,inicial,mobile,1,2026-08-20T23:24:48-03:00,2026-08-20T23:25:11-03:00,https://projectn.com.br/,https://projectn.com.br/,200,13.4.1,sim,,32.0,84.0,57.99999999999999,92.0,8784.552000000003,20572.185805854788,8784.552000000003,27.5,0.917732378126693,01_Relatorios_Brutos/projectn_home__mobile__r01.report.json,da1250575120098eaa6c5141d6e0ad03423790a81eda9532708729b664cb44d3
projectn_article,Project N,interna,mobile,1,2026-08-20T23:25:11-03:00,2026-08-20T23:25:31-03:00,https://projectn.com.br/call-of-duty-modern-warfare-4-ganha-novo-trailer-focado-no-multiplayer/,https://projectn.com.br/call-of-duty-modern-warfare-4-ganha-novo-trailer-focado-no-multiplayer/,200,13.4.1,sim,,55.00000000000001,87.0,57.99999999999999,92.0,8560.945,22094.304115776053,8560.945,54.0,0.07871524790113972,01_Relatorios_Brutos/projectn_article__mobile__r01.report.json,798a51b02e4c5053dc165aec9109158a065815a03f060502e00a3419dde7f168
boy_home,Nintendo Boy,inicial,mobile,1,2026-08-20T23:25:31-03:00,2026-08-20T23:25:50-03:00,https://nintendoboy.com.br/,https://nintendoboy.com.br/,200,13.4.1,sim,,56.00000000000001,100.0,73.0,92.0,5429.8544,18124.633820000003,13763.409652733517,25.0,0.0,01_Relatorios_Brutos/boy_home__mobile__r01.report.json,9c3bfc14bc2c186416a1fd349f2c9716dfdf72e755ae5d08019ca46a6ac7d21f
boy_article,Nintendo Boy,interna,mobile,1,2026-08-20T23:25:50-03:00,2026-08-20T23:26:13-03:00,https://nintendoboy.com.br/2026/08/sin-reloaded-remaster-do-fps-narrativo-de-1998-chega-as-plataformas-nintendo-em-setembro/,https://nintendoboy.com.br/2026/08/sin-reloaded-remaster-do-fps-narrativo-de-1998-chega-as-plataformas-nintendo-em-setembro/,200,13.4.1,sim,,56.00000000000001,99.0,73.0,92.0,5283.133100000001,10130.52605,12368.60589555928,20.0,0.0,01_Relatorios_Brutos/boy_article__mobile__r01.report.json,efcc89415d620b0baf7b1d5c2d9119307e9ce38fcc6990493c93045704489740
coelho_article,Coelho News,interna,desktop,1,2026-08-20T23:26:13-03:00,2026-08-20T23:26:29-03:00,https://coelhonews.com/noticias/the-binding-of-isaac-repentance-online-chega-ao-switch-2-em-novembro,https://coelhonews.com/noticias/the-binding-of-isaac-repentance-online-chega-ao-switch-2-em-novembro,200,13.4.1,sim,,94.0,90.0,69.0,100.0,310.4114,717.1122000000003,2405.0952010497977,0.0,0.0,01_Relatorios_Brutos/coelho_article__desktop__r01.report.json,b5ac5bc82c4085223d71f517c189e6c25bc63313cd90cd2c4febc7548c67ae79
universo_home,Universo Nintendo,inicial,desktop,1,2026-08-20T23:26:29-03:00,2026-08-20T23:27:18-03:00,https://universonintendo.com/,https://universonintendo.com/,200,13.4.1,sim,,42.0,91.0,54.0,100.0,2177.3020000000006,4836.5300000000025,6320.940647006055,149.49999999999955,0.2896086888833973,01_Relatorios_Brutos/universo_home__desktop__r01.report.json,d57ce41c660933fda80b1c5b6c5209ed319e93cc6017efc150cc04bf1cb0bfd1
universo_article,Universo Nintendo,interna,desktop,1,2026-08-20T23:27:18-03:00,2026-08-20T23:28:01-03:00,https://universonintendo.com/trails-in-the-sky-2nd-chapter-recebe-demo-gratuita-no-switch/,https://universonintendo.com/trails-in-the-sky-2nd-chapter-recebe-demo-gratuita-no-switch/,200,13.4.1,sim,,43.0,95.0,54.0,100.0,5694.502999999999,5694.502999999999,8843.85635573789,148.0,0.22007342388250045,01_Relatorios_Brutos/universo_article__desktop__r01.report.json,f10e63835d47cb850b0014fa9eb98afba992cda82a51c5c85be94cc3d2f376f7
casa_home,A Casa do Cogumelo,inicial,desktop,1,2026-08-20T23:28:01-03:00,2026-08-20T23:28:27-03:00,https://www.acasadocogumelo.com/,https://www.acasadocogumelo.com/,200,13.4.1,sim,,57.99999999999999,69.0,57.99999999999999,77.0,2212.7980000000002,5181.541499999999,5591.181113315664,0.0,0.06319463191181952,01_Relatorios_Brutos/casa_home__desktop__r01.report.json,0f4bb5fa7c4c498b6f3d4e98f768f0307be4088d2ee55ca922730470af9064d3
casa_article,A Casa do Cogumelo,interna,desktop,1,2026-08-20T23:28:27-03:00,2026-08-20T23:28:54-03:00,https://www.acasadocogumelo.com/logitech-g-anuncia-lancamentos-que-contemplarao-mercado-brasileiro/,https://www.acasadocogumelo.com/logitech-g-anuncia-lancamentos-que-contemplarao-mercado-brasileiro/,200,13.4.1,sim,,60.0,78.0,57.99999999999999,77.0,1978.6425,5042.682999999999,4879.345040612372,0.0,0.0017832327333034287,01_Relatorios_Brutos/casa_article__desktop__r01.report.json,7fa79b1d22710ade8af86348e8d0135ca9c89cf5e580f55788ecce3c4f4eb60c
blast_home,Nintendo Blast,inicial,desktop,1,2026-08-20T23:28:54-03:00,2026-08-20T23:29:12-03:00,https://www.nintendoblast.com.br/,https://www.nintendoblast.com.br/,200,13.4.1,sim,,84.0,76.0,77.0,92.0,932.843,2505.7805,1535.8855105169573,0.0,0.010195916165932914,01_Relatorios_Brutos/blast_home__desktop__r01.report.json,47727ea4df5d48e2080b568a4da64d3fa24aefb1499a51464fe58238dca81d5b
blast_article,Nintendo Blast,interna,desktop,1,2026-08-20T23:29:12-03:00,2026-08-20T23:29:35-03:00,https://www.nintendoblast.com.br/2026/08/nintendo-switch-online-recebe-icones-de-fire-emblem-three-houses.html,https://www.nintendoblast.com.br/2026/08/nintendo-switch-online-recebe-icones-de-fire-emblem-three-houses.html,200,13.4.1,sim,,78.0,71.0,77.0,85.0,973.3330000000001,3096.572970092773,1956.147492033951,0.0,0.005713657425439095,01_Relatorios_Brutos/blast_article__desktop__r01.report.json,057e7324db8c9d7d1af6ca94f0af4f4ab8cd3a9cdc85e57ffb0b20e43db5d994
projectn_home,Project N,inicial,desktop,1,2026-08-20T23:29:35-03:00,2026-08-20T23:30:22-03:00,https://projectn.com.br/,https://projectn.com.br/,200,13.4.1,sim,,34.0,80.0,57.99999999999999,92.0,2354.903,4636.904049041748,3744.5010877761183,294.5005292892456,0.2914415491274205,01_Relatorios_Brutos/projectn_home__desktop__r01.report.json,8d34fb2377d3d72a65f4af827aa21e120817b22a8387203715a30c4c2a9b4008
projectn_article,Project N,interna,desktop,1,2026-08-20T23:30:22-03:00,2026-08-20T23:30:42-03:00,https://projectn.com.br/call-of-duty-modern-warfare-4-ganha-novo-trailer-focado-no-multiplayer/,https://projectn.com.br/call-of-duty-modern-warfare-4-ganha-novo-trailer-focado-no-multiplayer/,200,13.4.1,sim,,45.0,88.0,57.99999999999999,85.0,4683.402,8456.53,4683.402,0.0,0.21208701302877736,01_Relatorios_Brutos/projectn_article__desktop__r01.report.json,f7a9dd8824f92b4aa5399d9ce13c896472cefab00737ae58813d9ba462f455fa
boy_home,Nintendo Boy,inicial,desktop,1,2026-08-20T23:30:42-03:00,2026-08-20T23:30:59-03:00,https://nintendoboy.com.br/,https://nintendoboy.com.br/,200,13.4.1,sim,,59.0,96.0,50.0,92.0,638.8665,4257.920499999999,4639.11101046469,0.0,0.20586801404225777,01_Relatorios_Brutos/boy_home__desktop__r01.report.json,058d701edd86c3206e1fd75c387978babeee98b629af1e2c947b7aad4383727b
boy_article,Nintendo Boy,interna,desktop,1,2026-08-20T23:30:59-03:00,2026-08-20T23:31:21-03:00,https://nintendoboy.com.br/2026/08/sin-reloaded-remaster-do-fps-narrativo-de-1998-chega-as-plataformas-nintendo-em-setembro/,https://nintendoboy.com.br/2026/08/sin-reloaded-remaster-do-fps-narrativo-de-1998-chega-as-plataformas-nintendo-em-setembro/,200,13.4.1,sim,,80.0,90.0,73.0,85.0,641.2785,953.9279999999999,4115.817181601813,0.0,0.2021581197585614,01_Relatorios_Brutos/boy_article__desktop__r01.report.json,b76dba3accba1848afe295a5806ba3ef27c6fa667bb821c7e63f600095f0d49e
nn_home,Nintendista News,inicial,desktop,1,2026-08-20T23:31:21-03:00,2026-08-20T23:31:33-03:00,https://nintendista.news/,https://nintendista.news/,200,13.4.1,sim,,90.0,100.0,100.0,100.0,1064.3400000000001,1787.5950000000003,1064.3400000000001,0.0,0.0,01_Relatorios_Brutos/nn_home__desktop__r01.report.json,321d989011356a2df48e7d9798ed6dd66a2e65066e61d12f8b6b0c3c826c5e8b
nn_article,Nintendista News,interna,desktop,1,2026-08-20T23:31:33-03:00,2026-08-20T23:31:44-03:00,https://nintendista.news/noticias/nintendista-news-no-ar/,https://nintendista.news/noticias/nintendista-news-no-ar/,200,13.4.1,sim,,99.0,100.0,100.0,100.0,830.6754999999999,830.6754999999999,830.6754999999999,0.0,0.0,01_Relatorios_Brutos/nn_article__desktop__r01.report.json,13df3cb143ca8a150fa272ea44554ec942892a92a398b5440b7fd10317c6cbf1
coelho_home,Coelho News,inicial,desktop,1,2026-08-20T23:31:44-03:00,2026-08-20T23:32:02-03:00,https://coelhonews.com/,https://coelhonews.com/,200,13.4.1,sim,,96.0,93.0,73.0,100.0,558.617,996.3169999999998,1735.7235603202266,0.0,0.0,01_Relatorios_Brutos/coelho_home__desktop__r01.report.json,63b5805ffd41ee1095e763b126d99215dd0eb4c8d7c34e41db4ebe8647802ad6
nn_article,Nintendista News,interna,mobile,2,2026-08-20T23:32:02-03:00,2026-08-20T23:32:15-03:00,https://nintendista.news/noticias/nintendista-news-no-ar/,https://nintendista.news/noticias/nintendista-news-no-ar/,200,13.4.1,sim,,92.0,100.0,100.0,100.0,2213.943,2742.0460000000003,4014.880180196645,0.0,0.0,01_Relatorios_Brutos/nn_article__mobile__r02.report.json,8085c5eba5d079da8719244d3741818a60c7d2b1db1008a1a5a0fd3a05931a9b
coelho_home,Coelho News,inicial,mobile,2,2026-08-20T23:32:15-03:00,2026-08-20T23:32:33-03:00,https://coelhonews.com/,https://coelhonews.com/,200,13.4.1,sim,,52.0,88.0,73.0,100.0,8841.588499999998,39883.69050000004,8841.588499999998,230.0,0.0,01_Relatorios_Brutos/coelho_home__mobile__r02.report.json,fdc70cd927f490056e9ad64f50cdfa869837ee996349ddbdd75d52836a578ca3
coelho_article,Coelho News,interna,mobile,2,2026-08-20T23:32:33-03:00,2026-08-20T23:32:48-03:00,https://coelhonews.com/noticias/the-binding-of-isaac-repentance-online-chega-ao-switch-2-em-novembro,https://coelhonews.com/noticias/the-binding-of-isaac-repentance-online-chega-ao-switch-2-em-novembro,200,13.4.1,sim,,69.0,90.0,73.0,100.0,1374.0298499999997,10571.333625000001,5765.164982912074,128.5,0.0,01_Relatorios_Brutos/coelho_article__mobile__r02.report.json,a0c18e4fc40a07fc538c4e134fe82c2fa004e321aff55740a9589ac7a4265d0d
universo_home,Universo Nintendo,inicial,mobile,2,2026-08-20T23:32:48-03:00,2026-08-20T23:33:35-03:00,https://universonintendo.com/,https://universonintendo.com/,200,13.4.1,sim,,19.0,84.0,50.0,100.0,5092.746000000001,15727.7835,21422.935490696178,1793.9809999999989,0.207941646920463,01_Relatorios_Brutos/universo_home__mobile__r02.report.json,b1dc6b552f495eaae2fe7e2188f8447af69b54bd1bd65621319758779b56edbb
universo_article,Universo Nintendo,interna,mobile,2,2026-08-20T23:33:35-03:00,2026-08-20T23:34:12-03:00,https://universonintendo.com/trails-in-the-sky-2nd-chapter-recebe-demo-gratuita-no-switch/,https://universonintendo.com/trails-in-the-sky-2nd-chapter-recebe-demo-gratuita-no-switch/,200,13.4.1,sim,,11.0,92.0,50.0,100.0,5277.744999999999,17924.751999999993,21647.909905639404,1890.0,0.3549226808416711,01_Relatorios_Brutos/universo_article__mobile__r02.report.json,a23ed88b79cb50365833ae907c96320922a1323825d6091cdabb6401069865b9
casa_home,A Casa do Cogumelo,inicial,mobile,2,2026-08-20T23:34:12-03:00,2026-08-20T23:34:36-03:00,https://www.acasadocogumelo.com/,https://www.acasadocogumelo.com/,200,13.4.1,sim,,34.0,69.0,57.99999999999999,77.0,10919.419999999998,24231.345650000007,16651.172586938876,128.5,0.4618315657846618,01_Relatorios_Brutos/casa_home__mobile__r02.report.json,74a00c805747f7ac175c1831a10c7edaae4ab6142d28ca483856b434b7b05b6b
casa_article,A Casa do Cogumelo,interna,mobile,2,2026-08-20T23:34:36-03:00,2026-08-20T23:35:01-03:00,https://www.acasadocogumelo.com/logitech-g-anuncia-lancamentos-que-contemplarao-mercado-brasileiro/,https://www.acasadocogumelo.com/logitech-g-anuncia-lancamentos-que-contemplarao-mercado-brasileiro/,200,13.4.1,sim,,55.00000000000001,78.0,57.99999999999999,77.0,8159.552999999999,21342.271000000004,14888.324317413833,19.0,0.002073907156726277,01_Relatorios_Brutos/casa_article__mobile__r02.report.json,1e7eb8455f91cbeb907adcf22e4d9aa336408f9324a5c794261f1502af467da0
blast_home,Nintendo Blast,inicial,mobile,2,2026-08-20T23:35:01-03:00,2026-08-20T23:35:18-03:00,https://www.nintendoblast.com.br/,https://www.nintendoblast.com.br/,200,13.4.1,sim,,67.0,84.0,77.0,92.0,2635.49,10491.7375,5016.291808431288,85.0,0.004748061872443082,01_Relatorios_Brutos/blast_home__mobile__r02.report.json,c9cd2eb1f1285b6d9ccaecf8e8b2f814bd3de67f1b551a60c94f85a170af1b46
blast_article,Nintendo Blast,interna,mobile,2,2026-08-20T23:35:18-03:00,2026-08-20T23:35:41-03:00,https://www.nintendoblast.com.br/2026/08/nintendo-switch-online-recebe-icones-de-fire-emblem-three-houses.html,https://www.nintendoblast.com.br/2026/08/nintendo-switch-online-recebe-icones-de-fire-emblem-three-houses.html,200,13.4.1,sim,,69.0,79.0,77.0,85.0,2597.424,6942.720499999999,5264.954909635353,61.5,0.0024773780540918813,01_Relatorios_Brutos/blast_article__mobile__r02.report.json,b2743f6619e7e66e699a3296afe637a47761ac5d9be458852725b9ff6462fa18
projectn_home,Project N,inicial,mobile,2,2026-08-20T23:35:41-03:00,2026-08-20T23:36:02-03:00,https://projectn.com.br/,https://projectn.com.br/,200,13.4.1,sim,,33.0,84.0,57.99999999999999,92.0,8244.8,18482.700805854794,8244.8,26.5,0.917732378126693,01_Relatorios_Brutos/projectn_home__mobile__r02.report.json,c0645bbdb53356220c811164f671df1cc5cc69fa32447a9aaef67f550b9af983
projectn_article,Project N,interna,mobile,2,2026-08-20T23:36:02-03:00,2026-08-20T23:36:23-03:00,https://projectn.com.br/call-of-duty-modern-warfare-4-ganha-novo-trailer-focado-no-multiplayer/,https://projectn.com.br/call-of-duty-modern-warfare-4-ganha-novo-trailer-focado-no-multiplayer/,200,13.4.1,sim,,55.00000000000001,87.0,57.99999999999999,92.0,9649.667999999998,23512.991805854796,9649.667999999998,43.5,0.07871524790113972,01_Relatorios_Brutos/projectn_article__mobile__r02.report.json,0a1f42573ec73c53e943dd43f80b1dba75d1a5f41be10e6d623c7ce430605d3d
boy_home,Nintendo Boy,inicial,mobile,2,2026-08-20T23:36:23-03:00,2026-08-20T23:36:46-03:00,https://nintendoboy.com.br/,https://nintendoboy.com.br/,200,13.4.1,sim,,55.00000000000001,100.0,50.0,92.0,9754.0221,22367.590500000002,15695.501619083083,10.0,0.0,01_Relatorios_Brutos/boy_home__mobile__r02.report.json,fbb787dc8f34251c667020e02e892fd3fc01576c54ea550cc6806624214c4801
boy_article,Nintendo Boy,interna,mobile,2,2026-08-20T23:36:46-03:00,2026-08-20T23:37:10-03:00,https://nintendoboy.com.br/2026/08/sin-reloaded-remaster-do-fps-narrativo-de-1998-chega-as-plataformas-nintendo-em-setembro/,https://nintendoboy.com.br/2026/08/sin-reloaded-remaster-do-fps-narrativo-de-1998-chega-as-plataformas-nintendo-em-setembro/,200,13.4.1,sim,,55.00000000000001,100.0,73.0,92.0,8601.971700000002,11661.363525,14648.887980651265,12.0,0.0,01_Relatorios_Brutos/boy_article__mobile__r02.report.json,dafbc4cf6934ee36a2362ea34c1612e662e75588ba2803ce2a9876eb35073213
nn_home,Nintendista News,inicial,mobile,2,2026-08-20T23:37:10-03:00,2026-08-20T23:37:23-03:00,https://nintendista.news/,https://nintendista.news/,200,13.4.1,sim,,95.0,100.0,100.0,100.0,1922.2330000000002,2370.3650000000002,4131.880118017029,0.0,0.0,01_Relatorios_Brutos/nn_home__mobile__r02.report.json,1e690479c43886df5829a5cf7178951f22e4fbe7290ae55150f324d5e5e0437d
universo_home,Universo Nintendo,inicial,desktop,2,2026-08-20T23:37:23-03:00,2026-08-20T23:38:34-03:00,https://universonintendo.com/,https://universonintendo.com/,200,13.4.1,sim,,44.0,91.0,54.0,100.0,1977.2159999999994,3996.306500000001,5536.589703746737,155.4999999999991,0.2896086888833973,01_Relatorios_Brutos/universo_home__desktop__r02.report.json,fd4e81ea6316b975aac693ed0a1b210d0992c0a12177e81af44ca2009bca1d51
universo_article,Universo Nintendo,interna,desktop,2,2026-08-20T23:38:34-03:00,2026-08-20T23:39:10-03:00,https://universonintendo.com/trails-in-the-sky-2nd-chapter-recebe-demo-gratuita-no-switch/,https://universonintendo.com/trails-in-the-sky-2nd-chapter-recebe-demo-gratuita-no-switch/,200,13.4.1,sim,,41.0,95.0,54.0,100.0,2427.0370000000003,4559.965749999999,6727.755047685277,154.0,0.3006831102042541,01_Relatorios_Brutos/universo_article__desktop__r02.report.json,526bdc9ce3f20efdf14a4d9e26ce0658c49ff7c0f0cf8ee4f7955e3709a742ab
casa_home,A Casa do Cogumelo,inicial,desktop,2,2026-08-20T23:39:10-03:00,2026-08-20T23:39:41-03:00,https://www.acasadocogumelo.com/,https://www.acasadocogumelo.com/,200,13.4.1,sim,,57.99999999999999,69.0,57.99999999999999,77.0,2192.915,5567.146499999999,5827.028736964514,0.0,0.05828468798377775,01_Relatorios_Brutos/casa_home__desktop__r02.report.json,45021b1998abb061bdc3117f7e4033daea336135c6a9dbcb042eef546d53a2e5
casa_article,A Casa do Cogumelo,interna,desktop,2,2026-08-20T23:39:41-03:00,2026-08-20T23:40:43-03:00,https://www.acasadocogumelo.com/logitech-g-anuncia-lancamentos-que-contemplarao-mercado-brasileiro/,https://www.acasadocogumelo.com/logitech-g-anuncia-lancamentos-que-contemplarao-mercado-brasileiro/,200,13.4.1,sim,,59.0,78.0,57.99999999999999,77.0,1825.4519999999998,7697.357,5159.001599896126,0.0,0.0017832327333034287,01_Relatorios_Brutos/casa_article__desktop__r02.report.json,ccb556193d9a665da5c0cb5e2c4cce7e0c4dee84204b4ee3ce0c8cc6b32b9730
blast_home,Nintendo Blast,inicial,desktop,2,2026-08-20T23:40:43-03:00,2026-08-20T23:41:01-03:00,https://www.nintendoblast.com.br/,https://www.nintendoblast.com.br/,200,13.4.1,sim,,79.0,76.0,77.0,92.0,809.951,3263.2812200927738,1735.006169026819,0.0,0.0334851591499151,01_Relatorios_Brutos/blast_home__desktop__r02.report.json,087927c4af0a13bdd21bae17086061658a4eab3f38ad71e03c1270dd523a97cc
blast_article,Nintendo Blast,interna,desktop,2,2026-08-20T23:41:01-03:00,2026-08-20T23:41:28-03:00,https://www.nintendoblast.com.br/2026/08/nintendo-switch-online-recebe-icones-de-fire-emblem-three-houses.html,https://www.nintendoblast.com.br/2026/08/nintendo-switch-online-recebe-icones-de-fire-emblem-three-houses.html,200,13.4.1,sim,,81.0,71.0,77.0,85.0,861.957,2991.9642200927733,1636.6493423391016,0.0,0.017804271281320914,01_Relatorios_Brutos/blast_article__desktop__r02.report.json,362d0fea69f98df43aace194332c8d64a05057d57318fa2334db9e96b4067e4a
projectn_home,Project N,inicial,desktop,2,2026-08-20T23:41:28-03:00,2026-08-20T23:41:48-03:00,https://projectn.com.br/,https://projectn.com.br/,200,13.4.1,sim,,35.0,80.0,57.99999999999999,92.0,4364.458750000002,7281.824305854801,4364.458750000002,0.0,0.48726250597657184,01_Relatorios_Brutos/projectn_home__desktop__r02.report.json,b0398675a4fbc07a1e2b5d4d360fa7a2d7407fe69f9f12bb18c3c9bf9374941b
projectn_article,Project N,interna,desktop,2,2026-08-20T23:41:48-03:00,2026-08-20T23:42:09-03:00,https://projectn.com.br/call-of-duty-modern-warfare-4-ganha-novo-trailer-focado-no-multiplayer/,https://projectn.com.br/call-of-duty-modern-warfare-4-ganha-novo-trailer-focado-no-multiplayer/,200,13.4.1,sim,,48.0,88.0,57.99999999999999,85.0,4962.030999999999,8787.456850418086,4962.030999999999,0.0,0.1620665051425379,01_Relatorios_Brutos/projectn_article__desktop__r02.report.json,9b110aa2d7a0d6f50380095830ec3e1086f6ca45210d0a26479d97d0c7bccc85
boy_home,Nintendo Boy,inicial,desktop,2,2026-08-20T23:42:09-03:00,2026-08-20T23:42:26-03:00,https://nintendoboy.com.br/,https://nintendoboy.com.br/,200,13.4.1,sim,,59.0,97.0,73.0,92.0,580.6035000000002,4259.2855,4776.068447618774,0.0,0.20582274310545362,01_Relatorios_Brutos/boy_home__desktop__r02.report.json,7f93bbff33e08cac722476fdc5702b19c83e30bc4cfd75bd7e22006fc77bcb11
boy_article,Nintendo Boy,interna,desktop,2,2026-08-20T23:42:26-03:00,2026-08-20T23:42:52-03:00,https://nintendoboy.com.br/2026/08/sin-reloaded-remaster-do-fps-narrativo-de-1998-chega-as-plataformas-nintendo-em-setembro/,https://nintendoboy.com.br/2026/08/sin-reloaded-remaster-do-fps-narrativo-de-1998-chega-as-plataformas-nintendo-em-setembro/,200,13.4.1,sim,,82.0,90.0,73.0,85.0,614.372,948.4059999999997,2838.2917380459403,0.0,0.20225564882104102,01_Relatorios_Brutos/boy_article__desktop__r02.report.json,8fd5ad86e0696147ab2269c17dfebaae4c2860bde9e6a807e4491144cc9f331b
nn_home,Nintendista News,inicial,desktop,2,2026-08-20T23:42:52-03:00,2026-08-20T23:43:04-03:00,https://nintendista.news/,https://nintendista.news/,200,13.4.1,sim,,93.0,100.0,100.0,100.0,966.7939999999999,1572.6699999999998,974.6438355673183,0.0,0.0,01_Relatorios_Brutos/nn_home__desktop__r02.report.json,b57d3351556f047d4e384f53065bc2f83588659f6f734943f1b63a85d7403b1c
nn_article,Nintendista News,interna,desktop,2,2026-08-20T23:43:04-03:00,2026-08-20T23:43:15-03:00,https://nintendista.news/noticias/nintendista-news-no-ar/,https://nintendista.news/noticias/nintendista-news-no-ar/,200,13.4.1,sim,,98.0,100.0,100.0,100.0,921.258,921.258,921.258,0.0,0.0,01_Relatorios_Brutos/nn_article__desktop__r02.report.json,14d5e27d9c59a675bce11fd3aafbd9eb805d28525883d159cd341e17a71393d2
coelho_home,Coelho News,inicial,desktop,2,2026-08-20T23:43:15-03:00,2026-08-20T23:43:33-03:00,https://coelhonews.com/,https://coelhonews.com/,200,13.4.1,sim,,93.0,93.0,73.0,100.0,512.394,1405.894,1763.3338370965066,0.0,0.0,01_Relatorios_Brutos/coelho_home__desktop__r02.report.json,edf979952c8c84256e893604dc7b2180a88428a0c69a59fe7f72bcafe1843ef8
coelho_article,Coelho News,interna,desktop,2,2026-08-20T23:43:33-03:00,2026-08-20T23:43:48-03:00,https://coelhonews.com/noticias/the-binding-of-isaac-repentance-online-chega-ao-switch-2-em-novembro,https://coelhonews.com/noticias/the-binding-of-isaac-repentance-online-chega-ao-switch-2-em-novembro,200,13.4.1,sim,,94.0,90.0,69.0,100.0,342.93850000000003,776.9395000000001,2428.710602475768,0.0,0.0,01_Relatorios_Brutos/coelho_article__desktop__r02.report.json,7cbc5c77d6ac854a77c82a2be88fc82d1df0fa9c3eab08d8217c726df727896e
coelho_home,Coelho News,inicial,mobile,3,2026-08-20T23:43:48-03:00,2026-08-20T23:44:07-03:00,https://coelhonews.com/,https://coelhonews.com/,200,13.4.1,sim,,55.00000000000001,88.0,73.0,100.0,8034.695000000001,40137.02149999999,8907.190269883224,146.0,0.0,01_Relatorios_Brutos/coelho_home__mobile__r03.report.json,94c48bea5128733b5c3f34b9496cfc0c22ac984c020c887583ae234f98fe5e1c
coelho_article,Coelho News,interna,mobile,3,2026-08-20T23:44:07-03:00,2026-08-20T23:44:22-03:00,https://coelhonews.com/noticias/the-binding-of-isaac-repentance-online-chega-ao-switch-2-em-novembro,https://coelhonews.com/noticias/the-binding-of-isaac-repentance-online-chega-ao-switch-2-em-novembro,200,13.4.1,sim,,56.99999999999999,90.0,73.0,100.0,6224.428000000001,10240.162999999999,6463.207438854432,161.0,0.0,01_Relatorios_Brutos/coelho_article__mobile__r03.report.json,d0395dda14ef1022e749c015e47b5a4ae2bc63555e2677a8e8a1686d154db5c6
universo_home,Universo Nintendo,inicial,mobile,3,2026-08-20T23:44:22-03:00,2026-08-20T23:45:09-03:00,https://universonintendo.com/,https://universonintendo.com/,200,13.4.1,sim,,35.0,84.0,50.0,100.0,5208.721999999999,10196.677,20207.287243928302,434.99999999999636,0.207941646920463,01_Relatorios_Brutos/universo_home__mobile__r03.report.json,3ae6ea1587d9534ee135ca461e9593333999589655eefd134754fbc9a4cdef46
universo_article,Universo Nintendo,interna,mobile,3,2026-08-20T23:45:09-03:00,2026-08-20T23:45:47-03:00,https://universonintendo.com/trails-in-the-sky-2nd-chapter-recebe-demo-gratuita-no-switch/,https://universonintendo.com/trails-in-the-sky-2nd-chapter-recebe-demo-gratuita-no-switch/,200,13.4.1,sim,,11.0,92.0,50.0,100.0,5038.5819999999985,18809.850000000006,23627.683445000966,1603.4999999999927,0.381437183435845,01_Relatorios_Brutos/universo_article__mobile__r03.report.json,81e34408defe08e5b29379c06c55ec1228a7d0b5e1a2004980e26db2c65e1bd6
casa_home,A Casa do Cogumelo,inicial,mobile,3,2026-08-20T23:45:47-03:00,2026-08-20T23:46:13-03:00,https://www.acasadocogumelo.com/,https://www.acasadocogumelo.com/,200,13.4.1,sim,,34.0,69.0,57.99999999999999,77.0,10754.236,22489.176,16987.474464611503,121.0,0.4618315657846618,01_Relatorios_Brutos/casa_home__mobile__r03.report.json,1a1a273fc1984f5706d4b4c286e2e8fb4591f85a77e2e64a8be5c821df358d9a
casa_article,A Casa do Cogumelo,interna,mobile,3,2026-08-20T23:46:13-03:00,2026-08-20T23:47:14-03:00,https://www.acasadocogumelo.com/logitech-g-anuncia-lancamentos-que-contemplarao-mercado-brasileiro/,https://www.acasadocogumelo.com/logitech-g-anuncia-lancamentos-que-contemplarao-mercado-brasileiro/,200,13.4.1,sim,,55.00000000000001,78.0,57.99999999999999,77.0,8098.401500000002,31746.492999999988,15091.127114841502,75.5,0.002073907156726277,01_Relatorios_Brutos/casa_article__mobile__r03.report.json,f4a100b93f266dd76c12fcc67db5e7c1ccb14751266b80399e26bc0d9e361aef
blast_home,Nintendo Blast,inicial,mobile,3,2026-08-20T23:47:14-03:00,2026-08-20T23:47:31-03:00,https://www.nintendoblast.com.br/,https://www.nintendoblast.com.br/,200,13.4.1,sim,,68.0,84.0,77.0,92.0,2621.587,9340.249,4747.7351828796845,89.0,0.005081725424424467,01_Relatorios_Brutos/blast_home__mobile__r03.report.json,a15613012259276f7cdeb0686c397e3358946945beb40e0978b6d42ae952bf4d
blast_article,Nintendo Blast,interna,mobile,3,2026-08-20T23:47:31-03:00,2026-08-20T23:47:55-03:00,https://www.nintendoblast.com.br/2026/08/nintendo-switch-online-recebe-icones-de-fire-emblem-three-houses.html,https://www.nintendoblast.com.br/2026/08/nintendo-switch-online-recebe-icones-de-fire-emblem-three-houses.html,200,13.4.1,sim,,67.0,79.0,77.0,85.0,2483.959,9403.45,5566.853308239035,66.0,0.0053696209670632735,01_Relatorios_Brutos/blast_article__mobile__r03.report.json,fead7e1cd00ca695a6a5b585751396ac10930523319685774448fab566752011
projectn_home,Project N,inicial,mobile,3,2026-08-20T23:47:55-03:00,2026-08-20T23:48:16-03:00,https://projectn.com.br/,https://projectn.com.br/,200,13.4.1,sim,,33.0,84.0,57.99999999999999,92.0,8362.130999999998,19319.241305854805,8362.130999999998,32.5,0.917732378126693,01_Relatorios_Brutos/projectn_home__mobile__r03.report.json,2b67fc3caca94513c257db53a41d8cf56cd6ecefeae65d6ec0c2227e568b6753
projectn_article,Project N,interna,mobile,3,2026-08-20T23:48:16-03:00,2026-08-20T23:48:35-03:00,https://projectn.com.br/call-of-duty-modern-warfare-4-ganha-novo-trailer-focado-no-multiplayer/,https://projectn.com.br/call-of-duty-modern-warfare-4-ganha-novo-trailer-focado-no-multiplayer/,200,13.4.1,sim,,55.00000000000001,87.0,57.99999999999999,92.0,9296.194,22671.747,9296.194,16.5,0.07871524790113972,01_Relatorios_Brutos/projectn_article__mobile__r03.report.json,9839a83f1c5510d51b27f63c3deb4356bec953c7317cbec5f6ebc1b115805db3
boy_home,Nintendo Boy,inicial,mobile,3,2026-08-20T23:48:35-03:00,2026-08-20T23:48:55-03:00,https://nintendoboy.com.br/,https://nintendoboy.com.br/,200,13.4.1,sim,,56.00000000000001,100.0,54.0,92.0,5468.82355,17380.206699999995,14894.016091205573,38.0,0.0,01_Relatorios_Brutos/boy_home__mobile__r03.report.json,6e080e2cc4f028ff3a1763d5b664c1fd7ebdf02038ebe9111544489a13ed40ae
boy_article,Nintendo Boy,interna,mobile,3,2026-08-20T23:48:55-03:00,2026-08-20T23:49:19-03:00,https://nintendoboy.com.br/2026/08/sin-reloaded-remaster-do-fps-narrativo-de-1998-chega-as-plataformas-nintendo-em-setembro/,https://nintendoboy.com.br/2026/08/sin-reloaded-remaster-do-fps-narrativo-de-1998-chega-as-plataformas-nintendo-em-setembro/,200,13.4.1,sim,,55.00000000000001,100.0,54.0,92.0,12182.4356,21981.173000000003,14866.908298458766,14.0,0.0,01_Relatorios_Brutos/boy_article__mobile__r03.report.json,b0e33e6ba343b39229158d496911a08e419f778d6d67ea1e980071d6850906ad
nn_home,Nintendista News,inicial,mobile,3,2026-08-20T23:49:19-03:00,2026-08-20T23:49:32-03:00,https://nintendista.news/,https://nintendista.news/,200,13.4.1,sim,,94.0,100.0,100.0,100.0,2023.598,2481.76,4093.4415347399436,0.0,0.0,01_Relatorios_Brutos/nn_home__mobile__r03.report.json,e4bba0fd230bf5b79b80179577abe2d0462900708da06e4df1ff7f33a1c26f58
nn_article,Nintendista News,interna,mobile,3,2026-08-20T23:49:32-03:00,2026-08-20T23:49:45-03:00,https://nintendista.news/noticias/nintendista-news-no-ar/,https://nintendista.news/noticias/nintendista-news-no-ar/,200,13.4.1,sim,,95.0,100.0,100.0,100.0,1890.332,2320.9800000000005,3783.467165534187,0.0,0.0,01_Relatorios_Brutos/nn_article__mobile__r03.report.json,f7aedf1e6306939337debf3f8f4181dcb46ae71558b168383e88b8ed947459b1
universo_article,Universo Nintendo,interna,desktop,3,2026-08-20T23:49:45-03:00,2026-08-20T23:50:25-03:00,https://universonintendo.com/trails-in-the-sky-2nd-chapter-recebe-demo-gratuita-no-switch/,https://universonintendo.com/trails-in-the-sky-2nd-chapter-recebe-demo-gratuita-no-switch/,200,13.4.1,sim,,39.0,95.0,54.0,100.0,2528.5740000000005,5677.602000000001,6597.79346649668,150.99999999999955,0.3031485186495903,01_Relatorios_Brutos/universo_article__desktop__r03.report.json,71170d56cf41fa7eb5a2cab6ffab98dc8e7cbb705be416a9f66b30cc004b8275
casa_home,A Casa do Cogumelo,inicial,desktop,3,2026-08-20T23:50:25-03:00,2026-08-20T23:50:54-03:00,https://www.acasadocogumelo.com/,https://www.acasadocogumelo.com/,200,13.4.1,sim,,57.99999999999999,69.0,57.99999999999999,77.0,2239.2385000000004,5372.1445,5550.041070577521,0.0,0.06315256769307012,01_Relatorios_Brutos/casa_home__desktop__r03.report.json,c3bf1d81d159178ac91c339779d18c2c503f8158d45d8954c3ce112cc4f39d08
casa_article,A Casa do Cogumelo,interna,desktop,3,2026-08-20T23:50:54-03:00,2026-08-20T23:51:24-03:00,https://www.acasadocogumelo.com/logitech-g-anuncia-lancamentos-que-contemplarao-mercado-brasileiro/,https://www.acasadocogumelo.com/logitech-g-anuncia-lancamentos-que-contemplarao-mercado-brasileiro/,200,13.4.1,sim,,62.0,78.0,57.99999999999999,77.0,1850.941,4602.075,4835.248329595359,0.0,0.001456825675934606,01_Relatorios_Brutos/casa_article__desktop__r03.report.json,a74449bcfe50f210be29685587e4e4364e416e611e74d14f88046e340c034c92
blast_home,Nintendo Blast,inicial,desktop,3,2026-08-20T23:51:24-03:00,2026-08-20T23:51:47-03:00,https://www.nintendoblast.com.br/,https://www.nintendoblast.com.br/,200,13.4.1,sim,,72.0,76.0,77.0,92.0,923.085,4863.802500000002,2027.5487807005657,0.0,0.037286742402366985,01_Relatorios_Brutos/blast_home__desktop__r03.report.json,9d130bac6b369e7edfca5d6454ba515e9496af8e7b07b2856aa7eb48c81a1ed5
blast_article,Nintendo Blast,interna,desktop,3,2026-08-20T23:51:47-03:00,2026-08-20T23:52:07-03:00,https://www.nintendoblast.com.br/2026/08/nintendo-switch-online-recebe-icones-de-fire-emblem-three-houses.html,https://www.nintendoblast.com.br/2026/08/nintendo-switch-online-recebe-icones-de-fire-emblem-three-houses.html,200,13.4.1,sim,,76.0,71.0,77.0,85.0,942.598,3353.4725,2070.8070714093315,0.0,0.04323931360671715,01_Relatorios_Brutos/blast_article__desktop__r03.report.json,76bc2d9d4d3313c0b2e1221cb0d2d24deb9fec64f053429653947de4b76ef245
projectn_home,Project N,inicial,desktop,3,2026-08-20T23:52:07-03:00,2026-08-20T23:52:28-03:00,https://projectn.com.br/,https://projectn.com.br/,200,13.4.1,sim,,41.0,80.0,57.99999999999999,92.0,1205.201,3445.201,2633.3382879682317,266.0,0.5089585769476536,01_Relatorios_Brutos/projectn_home__desktop__r03.report.json,e70a9ede28e570387257ed1ddfaa7124b912538ebd8a60e2f2d9581c3fbb8a51
projectn_article,Project N,interna,desktop,3,2026-08-20T23:52:28-03:00,2026-08-20T23:52:48-03:00,https://projectn.com.br/call-of-duty-modern-warfare-4-ganha-novo-trailer-focado-no-multiplayer/,https://projectn.com.br/call-of-duty-modern-warfare-4-ganha-novo-trailer-focado-no-multiplayer/,200,13.4.1,sim,,47.0,88.0,57.99999999999999,85.0,3861.1820000000007,7389.495,3861.1820000000007,0.0,0.20029005521203325,01_Relatorios_Brutos/projectn_article__desktop__r03.report.json,5ed3b555d72512c1ae6460d6447d12633272f0b8d456ee7e2b61bb80081b17be
boy_home,Nintendo Boy,inicial,desktop,3,2026-08-20T23:52:48-03:00,2026-08-20T23:53:05-03:00,https://nintendoboy.com.br/,https://nintendoboy.com.br/,200,13.4.1,sim,,59.0,96.0,73.0,92.0,718.4705,4183.1365000000005,4873.838409150903,0.0,0.20773977829940346,01_Relatorios_Brutos/boy_home__desktop__r03.report.json,d73b00b130a7f387930c0fdd3fc11c465b6641685c1ce76e88b055b4f31cbbcf
boy_article,Nintendo Boy,interna,desktop,3,2026-08-20T23:53:05-03:00,2026-08-20T23:53:26-03:00,https://nintendoboy.com.br/2026/08/sin-reloaded-remaster-do-fps-narrativo-de-1998-chega-as-plataformas-nintendo-em-setembro/,https://nintendoboy.com.br/2026/08/sin-reloaded-remaster-do-fps-narrativo-de-1998-chega-as-plataformas-nintendo-em-setembro/,200,13.4.1,sim,,80.0,90.0,73.0,85.0,553.982,871.9730000000001,4720.9007043582005,0.0,0.20225564882104102,01_Relatorios_Brutos/boy_article__desktop__r03.report.json,4ceaa2d7e8c93ea2eb823ba87e94a26b4484dd4fe16b9bdbec66a1dbd3647658
nn_home,Nintendista News,inicial,desktop,3,2026-08-20T23:53:26-03:00,2026-08-20T23:53:39-03:00,https://nintendista.news/,https://nintendista.news/,200,13.4.1,sim,,95.0,100.0,100.0,100.0,862.674,1422.9409999999998,871.9330375156283,0.0,0.0,01_Relatorios_Brutos/nn_home__desktop__r03.report.json,6bb153cf3105d5fe2f2359a51f257723f18bda77077717eff5eb8319eb37543a
nn_article,Nintendista News,interna,desktop,3,2026-08-20T23:53:39-03:00,2026-08-20T23:53:50-03:00,https://nintendista.news/noticias/nintendista-news-no-ar/,https://nintendista.news/noticias/nintendista-news-no-ar/,200,13.4.1,sim,,98.0,100.0,100.0,100.0,864.681,864.681,864.681,0.0,0.0,01_Relatorios_Brutos/nn_article__desktop__r03.report.json,e40075f0c7276a40fb495a1416e8b94e438affc05a2b8c94eec8c76d02d57144
coelho_home,Coelho News,inicial,desktop,3,2026-08-20T23:53:50-03:00,2026-08-20T23:54:08-03:00,https://coelhonews.com/,https://coelhonews.com/,200,13.4.1,sim,,96.0,93.0,73.0,100.0,518.724,940.9439999999998,1786.9519160932568,0.0,0.0,01_Relatorios_Brutos/coelho_home__desktop__r03.report.json,fb19ffed92f5607ec0017188c29b78db0e56609fbbfa5ed664ab2cf955a09b19
coelho_article,Coelho News,interna,desktop,3,2026-08-20T23:54:08-03:00,2026-08-20T23:54:23-03:00,https://coelhonews.com/noticias/the-binding-of-isaac-repentance-online-chega-ao-switch-2-em-novembro,https://coelhonews.com/noticias/the-binding-of-isaac-repentance-online-chega-ao-switch-2-em-novembro,200,13.4.1,sim,,93.0,90.0,69.0,100.0,344.217,1010.1709999999997,2440.3854505387326,0.0,0.0,01_Relatorios_Brutos/coelho_article__desktop__r03.report.json,153742f8f5bc7200c830c7e4a0ce96540bf1b96500edf68d2dc4adca8e386fe8
universo_home,Universo Nintendo,inicial,desktop,3,2026-08-20T23:54:23-03:00,2026-08-20T23:55:16-03:00,https://universonintendo.com/,https://universonintendo.com/,200,13.4.1,sim,,41.0,89.0,54.0,100.0,2373.985,5005.68,6101.508798618709,151.99999999999955,0.2896086888833973,01_Relatorios_Brutos/universo_home__desktop__r03.report.json,bac5eea269439f87a1170321604f064f438faa2de232b736525109c768f8d038
coelho_article,Coelho News,interna,mobile,4,2026-08-20T23:55:16-03:00,2026-08-20T23:55:31-03:00,https://coelhonews.com/noticias/the-binding-of-isaac-repentance-online-chega-ao-switch-2-em-novembro,https://coelhonews.com/noticias/the-binding-of-isaac-repentance-online-chega-ao-switch-2-em-novembro,200,13.4.1,sim,,56.00000000000001,90.0,73.0,100.0,7817.782000000001,9666.572499999997,7817.782000000001,143.5,0.0,01_Relatorios_Brutos/coelho_article__mobile__r04.report.json,078d0e67a4fc5207f97b0b05bce14b59a7afbd60016321b69a57155bcedc07e9
universo_home,Universo Nintendo,inicial,mobile,4,2026-08-20T23:55:31-03:00,2026-08-20T23:56:12-03:00,https://universonintendo.com/,https://universonintendo.com/,200,13.4.1,sim,,28.000000000000004,84.0,50.0,100.0,3631.447,17051.510000000002,20656.530828951076,854.5000000000036,0.207941646920463,01_Relatorios_Brutos/universo_home__mobile__r04.report.json,7e9db62af80be64df29f4b201e134bf90812ed7ed8392feb28b6b99489b9ac70
universo_article,Universo Nintendo,interna,mobile,4,2026-08-20T23:56:12-03:00,2026-08-20T23:56:59-03:00,https://universonintendo.com/trails-in-the-sky-2nd-chapter-recebe-demo-gratuita-no-switch/,https://universonintendo.com/trails-in-the-sky-2nd-chapter-recebe-demo-gratuita-no-switch/,200,13.4.1,sim,,11.0,92.0,50.0,100.0,5194.012999999999,16815.966500000002,25081.009385023055,1670.0,0.3816576574926044,01_Relatorios_Brutos/universo_article__mobile__r04.report.json,e26cd68360e29d3e7bd2af2a67f22cdc95557e3a92b3b413d3b04c7af1b74d48
casa_home,A Casa do Cogumelo,inicial,mobile,4,2026-08-20T23:56:59-03:00,2026-08-20T23:57:23-03:00,https://www.acasadocogumelo.com/,https://www.acasadocogumelo.com/,200,13.4.1,sim,,34.0,69.0,57.99999999999999,77.0,10792.403000000002,23909.818999999996,16679.54821972382,105.5,0.4618315657846618,01_Relatorios_Brutos/casa_home__mobile__r04.report.json,e1103911bd0becbf19b612f4ade7fcb3310ec067174e1e0b91c6b053019839d3
casa_article,A Casa do Cogumelo,interna,mobile,4,2026-08-20T23:57:23-03:00,2026-08-20T23:57:48-03:00,https://www.acasadocogumelo.com/logitech-g-anuncia-lancamentos-que-contemplarao-mercado-brasileiro/,https://www.acasadocogumelo.com/logitech-g-anuncia-lancamentos-que-contemplarao-mercado-brasileiro/,200,13.4.1,sim,,54.0,78.0,57.99999999999999,77.0,8585.529999999999,23102.52599999999,15200.303336384008,116.0,0.0018187532818264292,01_Relatorios_Brutos/casa_article__mobile__r04.report.json,86d497fad9479e430f0fb9fdfba063cda9c7574a861e0f36f87f93a5d69fb503
blast_home,Nintendo Blast,inicial,mobile,4,2026-08-20T23:57:48-03:00,2026-08-20T23:58:07-03:00,https://www.nintendoblast.com.br/,https://www.nintendoblast.com.br/,200,13.4.1,sim,,66.0,84.0,77.0,92.0,2632.6815,9957.8315,5272.389265599492,110.99999999999909,0.00469048276391532,01_Relatorios_Brutos/blast_home__mobile__r04.report.json,b60bc257601e54d4cee4bf3fdbd4d702d50c90e4522fe8e610f17ac0004b7230
blast_article,Nintendo Blast,interna,mobile,4,2026-08-20T23:58:07-03:00,2026-08-20T23:58:29-03:00,https://www.nintendoblast.com.br/2026/08/nintendo-switch-online-recebe-icones-de-fire-emblem-three-houses.html,https://www.nintendoblast.com.br/2026/08/nintendo-switch-online-recebe-icones-de-fire-emblem-three-houses.html,200,13.4.1,sim,,64.0,79.0,77.0,85.0,3246.0145,9657.074,5654.720701217728,65.5,0.0050285754780911495,01_Relatorios_Brutos/blast_article__mobile__r04.report.json,007f3c1f9cc9f39eaee1599c100535a0a60a1267ec718598d7e76c99c9cf566f
projectn_home,Project N,inicial,mobile,4,2026-08-20T23:58:29-03:00,2026-08-20T23:58:51-03:00,https://projectn.com.br/,https://projectn.com.br/,200,13.4.1,sim,,31.0,84.0,57.99999999999999,92.0,7832.161500000002,19429.297590515125,10524.569646683449,36.0,0.917732378126693,01_Relatorios_Brutos/projectn_home__mobile__r04.report.json,f49723f9c4e3ccd85049cc2d4ae04a837e7c05693667c0452419e8d4de1b706c
projectn_article,Project N,interna,mobile,4,2026-08-20T23:58:51-03:00,2026-08-20T23:59:11-03:00,https://projectn.com.br/call-of-duty-modern-warfare-4-ganha-novo-trailer-focado-no-multiplayer/,https://projectn.com.br/call-of-duty-modern-warfare-4-ganha-novo-trailer-focado-no-multiplayer/,200,13.4.1,sim,,55.00000000000001,87.0,57.99999999999999,92.0,9219.011499999997,22999.308,9219.011499999997,42.0,0.07871524790113972,01_Relatorios_Brutos/projectn_article__mobile__r04.report.json,5605efa25323d0c98283f41c049ce7169d84dcc04d3b25a10069ab4e9d3e9737
boy_home,Nintendo Boy,inicial,mobile,4,2026-08-20T23:59:11-03:00,2026-08-20T23:59:35-03:00,https://nintendoboy.com.br/,https://nintendoboy.com.br/,200,13.4.1,sim,,55.00000000000001,100.0,54.0,92.0,9819.439525000002,24348.31170000001,16504.173867414724,14.5,0.0,01_Relatorios_Brutos/boy_home__mobile__r04.report.json,c57dfc99a5e2b06e7d11f74d5159b1d60110a663d985637feed690cb534aa31c
boy_article,Nintendo Boy,interna,mobile,4,2026-08-20T23:59:35-03:00,2026-08-20T23:59:59-03:00,https://nintendoboy.com.br/2026/08/sin-reloaded-remaster-do-fps-narrativo-de-1998-chega-as-plataformas-nintendo-em-setembro/,https://nintendoboy.com.br/2026/08/sin-reloaded-remaster-do-fps-narrativo-de-1998-chega-as-plataformas-nintendo-em-setembro/,200,13.4.1,sim,,57.99999999999999,100.0,73.0,92.0,2083.3879999999995,4272.259999999999,13943.122339073245,14.5,0.31667217672122083,01_Relatorios_Brutos/boy_article__mobile__r04.report.json,006d24545aa193b6fbae42a5d31872a6dcb302e788abf0d5cc27bf983ae706f5
nn_home,Nintendista News,inicial,mobile,4,2026-08-20T23:59:59-03:00,2026-08-21T00:00:13-03:00,https://nintendista.news/,https://nintendista.news/,200,13.4.1,sim,,100.0,100.0,100.0,100.0,985.917,1381.917,2471.9015880142933,0.0,0.0,01_Relatorios_Brutos/nn_home__mobile__r04.report.json,8f4f69f8601726342d2f22a5413cc1cca5c3c79a3f8ca53f0a9d0e8dff625ca9
nn_article,Nintendista News,interna,mobile,4,2026-08-21T00:00:13-03:00,2026-08-21T00:00:25-03:00,https://nintendista.news/noticias/nintendista-news-no-ar/,https://nintendista.news/noticias/nintendista-news-no-ar/,200,13.4.1,sim,,100.0,100.0,100.0,100.0,1530.7930000000001,1530.7930000000001,1764.7158879779095,0.0,0.0,01_Relatorios_Brutos/nn_article__mobile__r04.report.json,208587d49b5855e481319f42b3bb0ca7bc80f9fb84686838709061431e5c03a0
coelho_home,Coelho News,inicial,mobile,4,2026-08-21T00:00:25-03:00,2026-08-21T00:00:44-03:00,https://coelhonews.com/,https://coelhonews.com/,200,13.4.1,sim,,55.00000000000001,88.0,73.0,100.0,7193.897000000001,38997.07650000004,8198.458061655023,162.0,0.0,01_Relatorios_Brutos/coelho_home__mobile__r04.report.json,2cabd8b570c21c747c03306274d9aff43367e37483c9e74b0239fb01bacf2608
casa_home,A Casa do Cogumelo,inicial,desktop,4,2026-08-21T00:00:44-03:00,2026-08-21T00:01:13-03:00,https://www.acasadocogumelo.com/,https://www.acasadocogumelo.com/,200,13.4.1,sim,,57.99999999999999,69.0,57.99999999999999,77.0,2204.2279999999996,5208.498,5575.734711904144,0.0,0.06319463191181952,01_Relatorios_Brutos/casa_home__desktop__r04.report.json,ae5888326c115284b5158d3e832fc4a9e9d19aef5719e22acb692dd17267907e
casa_article,A Casa do Cogumelo,interna,desktop,4,2026-08-21T00:01:13-03:00,2026-08-21T00:01:43-03:00,https://www.acasadocogumelo.com/logitech-g-anuncia-lancamentos-que-contemplarao-mercado-brasileiro/,https://www.acasadocogumelo.com/logitech-g-anuncia-lancamentos-que-contemplarao-mercado-brasileiro/,200,13.4.1,sim,,62.0,78.0,57.99999999999999,77.0,1746.1290000000004,4690.992,4680.5122019972705,0.0,0.001456172338142347,01_Relatorios_Brutos/casa_article__desktop__r04.report.json,476d8d478f2fa86242d841489a8f17031c3fc1e2bc7c4b4ddd7d6908ab726767
blast_home,Nintendo Blast,inicial,desktop,4,2026-08-21T00:01:43-03:00,2026-08-21T00:02:01-03:00,https://www.nintendoblast.com.br/,https://www.nintendoblast.com.br/,200,13.4.1,sim,,78.0,76.0,77.0,92.0,921.3610000000001,3334.5085,1698.646657729144,0.0,0.03710329213602528,01_Relatorios_Brutos/blast_home__desktop__r04.report.json,fa20b550bc8afb90c75bc4ad411f3762142c29be3099ad01c2de239749115362
blast_article,Nintendo Blast,interna,desktop,4,2026-08-21T00:02:01-03:00,2026-08-21T00:02:19-03:00,https://www.nintendoblast.com.br/2026/08/nintendo-switch-online-recebe-icones-de-fire-emblem-three-houses.html,https://www.nintendoblast.com.br/2026/08/nintendo-switch-online-recebe-icones-de-fire-emblem-three-houses.html,200,13.4.1,sim,,73.0,71.0,77.0,85.0,1136.56,3974.2920000000004,2180.4215015634727,0.0,0.038573610454508966,01_Relatorios_Brutos/blast_article__desktop__r04.report.json,695d82b40eec989b547646a9f6b60e176329e464c0185f1d7fe049ee813d9def
projectn_home,Project N,inicial,desktop,4,2026-08-21T00:02:19-03:00,2026-08-21T00:02:39-03:00,https://projectn.com.br/,https://projectn.com.br/,200,13.4.1,sim,,35.0,80.0,57.99999999999999,92.0,4367.518750000001,7495.105000000002,4367.518750000001,0.0,0.5087008867934327,01_Relatorios_Brutos/projectn_home__desktop__r04.report.json,d6a683ac9a975b71eebb4feedc0363d7d609bcd98a9c7fe9f27733e3af2b8541
projectn_article,Project N,interna,desktop,4,2026-08-21T00:02:39-03:00,2026-08-21T00:02:59-03:00,https://projectn.com.br/call-of-duty-modern-warfare-4-ganha-novo-trailer-focado-no-multiplayer/,https://projectn.com.br/call-of-duty-modern-warfare-4-ganha-novo-trailer-focado-no-multiplayer/,200,13.4.1,sim,,44.0,88.0,57.99999999999999,85.0,3634.917,7134.677000000009,3634.917,287.0000000000009,0.07367420509356133,01_Relatorios_Brutos/projectn_article__desktop__r04.report.json,00e64019e7f87485cc82227e1a6b6961fb545240cf04a487d0a95476d308974c
boy_home,Nintendo Boy,inicial,desktop,4,2026-08-21T00:02:59-03:00,2026-08-21T00:03:16-03:00,https://nintendoboy.com.br/,https://nintendoboy.com.br/,200,13.4.1,sim,,59.0,96.0,73.0,92.0,625.9961999999999,3946.9488,5078.088019429686,0.0,0.20775061788687227,01_Relatorios_Brutos/boy_home__desktop__r04.report.json,73006c29028ee9739379eaf84834e1a5302ddcd3fd0df02651aee5b0244ca560
boy_article,Nintendo Boy,interna,desktop,4,2026-08-21T00:03:16-03:00,2026-08-21T00:03:38-03:00,https://nintendoboy.com.br/2026/08/sin-reloaded-remaster-do-fps-narrativo-de-1998-chega-as-plataformas-nintendo-em-setembro/,https://nintendoboy.com.br/2026/08/sin-reloaded-remaster-do-fps-narrativo-de-1998-chega-as-plataformas-nintendo-em-setembro/,200,13.4.1,sim,,80.0,90.0,73.0,85.0,566.938,872.625,4693.242049770322,0.0,0.20225564882104102,01_Relatorios_Brutos/boy_article__desktop__r04.report.json,68d45aed5abbe15e4606704acd4866d9916d942e065f352eee9953fa9155af9b
nn_home,Nintendista News,inicial,desktop,4,2026-08-21T00:03:38-03:00,2026-08-21T00:03:50-03:00,https://nintendista.news/,https://nintendista.news/,200,13.4.1,sim,,94.0,100.0,100.0,100.0,937.9920000000002,1508.5320000000002,937.9920000000002,0.0,0.0,01_Relatorios_Brutos/nn_home__desktop__r04.report.json,917a1ca9797925d73095e6bd8c59ed8f7b92550280debbfc4afaea28a5af584d
nn_article,Nintendista News,interna,desktop,4,2026-08-21T00:03:50-03:00,2026-08-21T00:04:01-03:00,https://nintendista.news/noticias/nintendista-news-no-ar/,https://nintendista.news/noticias/nintendista-news-no-ar/,200,13.4.1,sim,,98.0,100.0,100.0,100.0,864.175,864.175,864.175,0.0,0.0,01_Relatorios_Brutos/nn_article__desktop__r04.report.json,68d4bdb8c1aeacde4c728118d9f59df95a76860b70e000002fa17fd010aac44b
coelho_home,Coelho News,inicial,desktop,4,2026-08-21T00:04:01-03:00,2026-08-21T00:04:19-03:00,https://coelhonews.com/,https://coelhonews.com/,200,13.4.1,sim,,93.0,93.0,73.0,100.0,530.794,1473.1864999999998,1677.5038712832381,0.0,0.003882365718796676,01_Relatorios_Brutos/coelho_home__desktop__r04.report.json,c71924b68a771171345e46d0a558d8320bd3817421cbe4cb463faceeb8e00295
coelho_article,Coelho News,interna,desktop,4,2026-08-21T00:04:19-03:00,2026-08-21T00:04:35-03:00,https://coelhonews.com/noticias/the-binding-of-isaac-repentance-online-chega-ao-switch-2-em-novembro,https://coelhonews.com/noticias/the-binding-of-isaac-repentance-online-chega-ao-switch-2-em-novembro,200,13.4.1,sim,,93.0,90.0,69.0,100.0,363.174,867.357,2692.52934028872,0.0,0.0,01_Relatorios_Brutos/coelho_article__desktop__r04.report.json,9bbae57847a84e0789aaae6e25f55398c21cf38c3ede03c28d5bcce4a8e2a7ac
universo_home,Universo Nintendo,inicial,desktop,4,2026-08-21T00:04:35-03:00,2026-08-21T00:05:47-03:00,https://universonintendo.com/,https://universonintendo.com/,200,13.4.1,sim,,53.0,91.0,54.0,100.0,2070.632,4213.4855,5872.574884901634,27.0,0.1734350899530022,01_Relatorios_Brutos/universo_home__desktop__r04.report.json,faa8236892461ee938880db98c1b8dddb2d174c0419a1be6949154bd9f6d1363
universo_article,Universo Nintendo,interna,desktop,4,2026-08-21T00:05:47-03:00,2026-08-21T00:06:23-03:00,https://universonintendo.com/trails-in-the-sky-2nd-chapter-recebe-demo-gratuita-no-switch/,https://universonintendo.com/trails-in-the-sky-2nd-chapter-recebe-demo-gratuita-no-switch/,200,13.4.1,sim,,39.0,95.0,54.0,100.0,2189.946,6597.616,6468.300674698565,149.4999999999991,0.31491835775296423,01_Relatorios_Brutos/universo_article__desktop__r04.report.json,cff8521ff9ced6c5233e3c3b92c06075e92ed22e2ca5439011431c1619e795a5
universo_home,Universo Nintendo,inicial,mobile,5,2026-08-21T00:06:23-03:00,2026-08-21T00:07:11-03:00,https://universonintendo.com/,https://universonintendo.com/,200,13.4.1,sim,,20.0,84.0,50.0,100.0,5401.817,14684.680999999997,22022.131022503825,1532.9999999999964,0.207941646920463,01_Relatorios_Brutos/universo_home__mobile__r05.report.json,69c89a24b0d0d45d8401508632d53fcf300df5cd7b9f2ac3a8854a25dd0a8e28
universo_article,Universo Nintendo,interna,mobile,5,2026-08-21T00:07:11-03:00,2026-08-21T00:07:52-03:00,https://universonintendo.com/trails-in-the-sky-2nd-chapter-recebe-demo-gratuita-no-switch/,https://universonintendo.com/trails-in-the-sky-2nd-chapter-recebe-demo-gratuita-no-switch/,200,13.4.1,sim,,11.0,92.0,50.0,100.0,5256.158000000002,18376.0815,27983.12096052378,1590.5,0.40350156241563173,01_Relatorios_Brutos/universo_article__mobile__r05.report.json,d32e344d3d563571d007e791b5101341deeedeb21efe5a460f9c7a19bd026c88
casa_home,A Casa do Cogumelo,inicial,mobile,5,2026-08-21T00:07:52-03:00,2026-08-21T00:08:24-03:00,https://www.acasadocogumelo.com/,https://www.acasadocogumelo.com/,200,13.4.1,sim,,34.0,69.0,57.99999999999999,77.0,11180.574000000002,24708.557500000003,18528.570397229887,123.0,0.4618315657846618,01_Relatorios_Brutos/casa_home__mobile__r05.report.json,1c1e83249b2e00c7711f8603a5c1d37ba6f20d9023a3d6cf6223f65aec44b6ae
casa_article,A Casa do Cogumelo,interna,mobile,5,2026-08-21T00:08:24-03:00,2026-08-21T00:08:54-03:00,https://www.acasadocogumelo.com/logitech-g-anuncia-lancamentos-que-contemplarao-mercado-brasileiro/,https://www.acasadocogumelo.com/logitech-g-anuncia-lancamentos-que-contemplarao-mercado-brasileiro/,200,13.4.1,sim,,55.00000000000001,78.0,57.99999999999999,77.0,8548.824999999999,22590.062000000005,15127.692567603024,50.0,0.0018187532818264292,01_Relatorios_Brutos/casa_article__mobile__r05.report.json,5a17d0b01bb9d468a0354a58b35b3c7a3db0b21c92aec98ff7a61d5c767bf774
blast_home,Nintendo Blast,inicial,mobile,5,2026-08-21T00:08:54-03:00,2026-08-21T00:09:11-03:00,https://www.nintendoblast.com.br/,https://www.nintendoblast.com.br/,200,13.4.1,sim,,68.0,84.0,77.0,92.0,2337.1935000000003,9879.187999999998,4965.901246738843,87.5,0.0029011012373602774,01_Relatorios_Brutos/blast_home__mobile__r05.report.json,929381e99ae8d2189771deb8ecaf2a93bb7f69b51784d908b51a603f4d9cd777
blast_article,Nintendo Blast,interna,mobile,5,2026-08-21T00:09:11-03:00,2026-08-21T00:09:32-03:00,https://www.nintendoblast.com.br/2026/08/nintendo-switch-online-recebe-icones-de-fire-emblem-three-houses.html,https://www.nintendoblast.com.br/2026/08/nintendo-switch-online-recebe-icones-de-fire-emblem-three-houses.html,200,13.4.1,sim,,68.0,79.0,77.0,85.0,2568.8685,8278.161250000001,5234.041872034214,83.5,0.004672766115137547,01_Relatorios_Brutos/blast_article__mobile__r05.report.json,47b2d228e23c5ddc3a70041329a893de605fcc637b7e29d20a3ea26e932412f9
projectn_home,Project N,inicial,mobile,5,2026-08-21T00:09:32-03:00,2026-08-21T00:09:52-03:00,https://projectn.com.br/,https://projectn.com.br/,200,13.4.1,sim,,32.0,84.0,57.99999999999999,92.0,9160.895999999995,20040.61430585479,9160.895999999995,46.5,0.917732378126693,01_Relatorios_Brutos/projectn_home__mobile__r05.report.json,a961b85f0a0fa2bad2abb72ea0b6ac9e65a2ea50225ea5d2fca4809d933ecf50
projectn_article,Project N,interna,mobile,5,2026-08-21T00:09:52-03:00,2026-08-21T00:10:13-03:00,https://projectn.com.br/call-of-duty-modern-warfare-4-ganha-novo-trailer-focado-no-multiplayer/,https://projectn.com.br/call-of-duty-modern-warfare-4-ganha-novo-trailer-focado-no-multiplayer/,200,13.4.1,sim,,55.00000000000001,87.0,57.99999999999999,92.0,9026.6515,22366.978000000003,9026.6515,47.0,0.07871524790113972,01_Relatorios_Brutos/projectn_article__mobile__r05.report.json,9f24c922fb57de2fa1a26af2be08c00bdc021cfe4fccbb3a2694321b2e7d683b
boy_home,Nintendo Boy,inicial,mobile,5,2026-08-21T00:10:13-03:00,2026-08-21T00:11:14-03:00,https://nintendoboy.com.br/,https://nintendoboy.com.br/,200,13.4.1,sim,,55.00000000000001,100.0,69.0,92.0,7716.24808,21997.432039999992,19120.44729727308,15.0,0.0,01_Relatorios_Brutos/boy_home__mobile__r05.report.json,40e5f711e2f106a456183bc68211b0827706a5433eafb8acafa68a20125f1c8f
boy_article,Nintendo Boy,interna,mobile,5,2026-08-21T00:11:14-03:00,2026-08-21T00:11:37-03:00,https://nintendoboy.com.br/2026/08/sin-reloaded-remaster-do-fps-narrativo-de-1998-chega-as-plataformas-nintendo-em-setembro/,https://nintendoboy.com.br/2026/08/sin-reloaded-remaster-do-fps-narrativo-de-1998-chega-as-plataformas-nintendo-em-setembro/,200,13.4.1,sim,,55.00000000000001,100.0,50.0,92.0,7666.980399999999,11944.439100000003,13375.19096721269,5.5,0.0,01_Relatorios_Brutos/boy_article__mobile__r05.report.json,a5d258249b53073ef58f9a16a99ed77521cfba59cc9eeea7ef0aebfa2cb07060
nn_home,Nintendista News,inicial,mobile,5,2026-08-21T00:11:37-03:00,2026-08-21T00:11:50-03:00,https://nintendista.news/,https://nintendista.news/,200,13.4.1,sim,,95.0,100.0,100.0,100.0,1876.405,2291.701,4064.215110264817,0.0,0.0,01_Relatorios_Brutos/nn_home__mobile__r05.report.json,52e9d9630c08e23581eba6399d40c280701b071e88006081bcd170e7541b0957
nn_article,Nintendista News,interna,mobile,5,2026-08-21T00:11:50-03:00,2026-08-21T00:12:03-03:00,https://nintendista.news/noticias/nintendista-news-no-ar/,https://nintendista.news/noticias/nintendista-news-no-ar/,200,13.4.1,sim,,94.0,100.0,100.0,100.0,2072.1769999999997,2545.35,3953.445597943634,0.0,0.0,01_Relatorios_Brutos/nn_article__mobile__r05.report.json,2028b3e4448a09f0edba06ae4d60a46dcfe45bb13aa950cf9d37dbe4b63711e8
coelho_home,Coelho News,inicial,mobile,5,2026-08-21T00:12:03-03:00,2026-08-21T00:12:21-03:00,https://coelhonews.com/,https://coelhonews.com/,200,13.4.1,sim,,65.0,88.0,73.0,100.0,2338.827,5779.327,5441.973710415852,302.5000000000009,0.005651610960109489,01_Relatorios_Brutos/coelho_home__mobile__r05.report.json,e585326abdf89ec2293b854d18b1ecf6ae328148f5b43dba09a43cd44cadd440
coelho_article,Coelho News,interna,mobile,5,2026-08-21T00:12:21-03:00,2026-08-21T00:12:36-03:00,https://coelhonews.com/noticias/the-binding-of-isaac-repentance-online-chega-ao-switch-2-em-novembro,https://coelhonews.com/noticias/the-binding-of-isaac-repentance-online-chega-ao-switch-2-em-novembro,200,13.4.1,sim,,66.0,90.0,73.0,100.0,1444.2620000000002,10663.569499999998,6378.714959074639,206.5,0.0,01_Relatorios_Brutos/coelho_article__mobile__r05.report.json,c78290511c8e2f5d78639712773b58d2322c92972be98b4a2ceab377d9e0af38
casa_article,A Casa do Cogumelo,interna,desktop,5,2026-08-21T00:12:36-03:00,2026-08-21T00:13:01-03:00,https://www.acasadocogumelo.com/logitech-g-anuncia-lancamentos-que-contemplarao-mercado-brasileiro/,https://www.acasadocogumelo.com/logitech-g-anuncia-lancamentos-que-contemplarao-mercado-brasileiro/,200,13.4.1,sim,,59.0,78.0,57.99999999999999,77.0,1845.736,7762.028999999999,4927.373334694063,0.0,0.001465802537200243,01_Relatorios_Brutos/casa_article__desktop__r05.report.json,2e2d714fc38eb011d7b51329b2797323fe08c5265ebb5d6162900895008fbbc2
blast_home,Nintendo Blast,inicial,desktop,5,2026-08-21T00:13:01-03:00,2026-08-21T00:13:24-03:00,https://www.nintendoblast.com.br/,https://www.nintendoblast.com.br/,200,13.4.1,sim,,72.0,76.0,77.0,92.0,894.9179999999999,4991.813500000001,1970.3543335381485,0.0,0.03284438779012488,01_Relatorios_Brutos/blast_home__desktop__r05.report.json,9bb159693d44616864865a21c6996384d9e3d8d1a7e4a76a8792cf931582b8d5
blast_article,Nintendo Blast,interna,desktop,5,2026-08-21T00:13:24-03:00,2026-08-21T00:13:42-03:00,https://www.nintendoblast.com.br/2026/08/nintendo-switch-online-recebe-icones-de-fire-emblem-three-houses.html,https://www.nintendoblast.com.br/2026/08/nintendo-switch-online-recebe-icones-de-fire-emblem-three-houses.html,200,13.4.1,sim,,70.0,71.0,77.0,85.0,1184.409,6052.729150000003,1954.7746721530589,0.0,0.039680445313546926,01_Relatorios_Brutos/blast_article__desktop__r05.report.json,6f3ed75d2a47b317b802ca3596a0edb5cd2694fb24d5f8433b8295bfaf7c2d3f
projectn_home,Project N,inicial,desktop,5,2026-08-21T00:13:42-03:00,2026-08-21T00:14:04-03:00,https://projectn.com.br/,https://projectn.com.br/,200,13.4.1,sim,,36.0,80.0,57.99999999999999,92.0,3498.7339999999986,5809.4765000000025,4445.568918473367,0.0,0.48726250597657184,01_Relatorios_Brutos/projectn_home__desktop__r05.report.json,fda9249c2e24894901d0f9db4463215eb8ca025b4fb999646b52d7debd0f8571
projectn_article,Project N,interna,desktop,5,2026-08-21T00:14:04-03:00,2026-08-21T00:14:24-03:00,https://projectn.com.br/call-of-duty-modern-warfare-4-ganha-novo-trailer-focado-no-multiplayer/,https://projectn.com.br/call-of-duty-modern-warfare-4-ganha-novo-trailer-focado-no-multiplayer/,200,13.4.1,sim,,54.0,88.0,57.99999999999999,85.0,4931.386999999999,9010.639499999994,4931.386999999999,0.0,0.07836662205502745,01_Relatorios_Brutos/projectn_article__desktop__r05.report.json,84886003a6f0559f3e910cff09b9bc8beef0b37eebb1a7108209d4caba81aaa9
boy_home,Nintendo Boy,inicial,desktop,5,2026-08-21T00:14:24-03:00,2026-08-21T00:14:42-03:00,https://nintendoboy.com.br/,https://nintendoboy.com.br/,200,13.4.1,sim,,59.0,97.0,73.0,92.0,615.741,4245.583500000001,5761.966455957905,0.0,0.20662051471714032,01_Relatorios_Brutos/boy_home__desktop__r05.report.json,af0253d235d530927e11ee95e0bfd3d98a8251bd84e06d05f20c7318600c74d1
boy_article,Nintendo Boy,interna,desktop,5,2026-08-21T00:14:42-03:00,2026-08-21T00:15:04-03:00,https://nintendoboy.com.br/2026/08/sin-reloaded-remaster-do-fps-narrativo-de-1998-chega-as-plataformas-nintendo-em-setembro/,https://nintendoboy.com.br/2026/08/sin-reloaded-remaster-do-fps-narrativo-de-1998-chega-as-plataformas-nintendo-em-setembro/,200,13.4.1,sim,,80.0,90.0,73.0,85.0,616.869,912.9719999999998,4206.891185292938,0.0,0.20225564882104102,01_Relatorios_Brutos/boy_article__desktop__r05.report.json,d64418c981edf501c1871664fd42006110a7349db9aba8224b3fc52ffb05619b
nn_home,Nintendista News,inicial,desktop,5,2026-08-21T00:15:04-03:00,2026-08-21T00:15:16-03:00,https://nintendista.news/,https://nintendista.news/,200,13.4.1,sim,,96.0,100.0,100.0,100.0,842.9669999999999,1311.9769999999999,864.3818999914317,0.0,0.0,01_Relatorios_Brutos/nn_home__desktop__r05.report.json,d5ff88e1f44a45e7c67932170a9221317a5461bb147dbe695f6d0d13d2db1ae6
nn_article,Nintendista News,interna,desktop,5,2026-08-21T00:15:16-03:00,2026-08-21T00:15:27-03:00,https://nintendista.news/noticias/nintendista-news-no-ar/,https://nintendista.news/noticias/nintendista-news-no-ar/,200,13.4.1,sim,,96.0,100.0,100.0,100.0,1092.4759999999999,1092.4759999999999,1092.4759999999999,0.0,0.0,01_Relatorios_Brutos/nn_article__desktop__r05.report.json,1d3a500440a3e3ffd1ad76b2cf6358a038c0242b37fd90ffb67a59699c359758
coelho_home,Coelho News,inicial,desktop,5,2026-08-21T00:15:27-03:00,2026-08-21T00:15:45-03:00,https://coelhonews.com/,https://coelhonews.com/,200,13.4.1,sim,,95.0,93.0,73.0,100.0,505.97799999999995,1173.922,1812.6874344103544,0.0,0.00393718620607781,01_Relatorios_Brutos/coelho_home__desktop__r05.report.json,598c88efacd36372ec1dccbe027197c51668d178af81227eed8fe6ee0da28aa7
coelho_article,Coelho News,interna,desktop,5,2026-08-21T00:15:45-03:00,2026-08-21T00:16:00-03:00,https://coelhonews.com/noticias/the-binding-of-isaac-repentance-online-chega-ao-switch-2-em-novembro,https://coelhonews.com/noticias/the-binding-of-isaac-repentance-online-chega-ao-switch-2-em-novembro,200,13.4.1,sim,,95.0,90.0,69.0,100.0,315.3664,710.4991999999999,2265.315314259824,0.0,0.0,01_Relatorios_Brutos/coelho_article__desktop__r05.report.json,89fc4880e0b746b20faa1d799bc2f238cb2d2910f3313338759e031f3a8c56c7
universo_home,Universo Nintendo,inicial,desktop,5,2026-08-21T00:16:00-03:00,2026-08-21T00:16:47-03:00,https://universonintendo.com/,https://universonintendo.com/,200,13.4.1,sim,,45.0,89.0,54.0,100.0,2309.732,4940.772499999996,6393.019075980239,197.60899999999947,0.18036017184360154,01_Relatorios_Brutos/universo_home__desktop__r05.report.json,797b70e00b371218aa6d7dc6368dada0af1226645d2ef2a88923019c39050798
universo_article,Universo Nintendo,interna,desktop,5,2026-08-21T00:16:47-03:00,2026-08-21T00:17:24-03:00,https://universonintendo.com/trails-in-the-sky-2nd-chapter-recebe-demo-gratuita-no-switch/,https://universonintendo.com/trails-in-the-sky-2nd-chapter-recebe-demo-gratuita-no-switch/,200,13.4.1,sim,,40.0,95.0,54.0,100.0,2352.272,5165.6775,6451.416268160666,151.0,0.3031597525154578,01_Relatorios_Brutos/universo_article__desktop__r05.report.json,a44a7453d2816184779ef8c33e4571ac25f196c8c0c716a9f8959e9f489a5434
casa_home,A Casa do Cogumelo,inicial,desktop,5,2026-08-21T00:17:24-03:00,2026-08-21T00:17:49-03:00,https://www.acasadocogumelo.com/,https://www.acasadocogumelo.com/,200,13.4.1,sim,,57.99999999999999,69.0,57.99999999999999,77.0,2243.5589999999997,5354.4090000000015,5518.018748977562,0.0,0.058285288159180056,01_Relatorios_Brutos/casa_home__desktop__r05.report.json,42c0fda4ba2c3945f06570ed11ad10b897baba9d3ac58d6793725dbc72f83f23
