veiculo,tipo_pagina,perfil,metrica,n,mediana,q1,q3,iqr,minimo,maximo
A Casa do Cogumelo,inicial,desktop,accessibility,5,69.0,69.0,69.0,0.0,69.0,69.0
A Casa do Cogumelo,inicial,desktop,best_practices,5,57.99999999999999,57.99999999999999,57.99999999999999,0.0,57.99999999999999,57.99999999999999
A Casa do Cogumelo,inicial,desktop,cls,5,0.06315256769307012,0.058285288159180056,0.06319463191181952,0.004909343752639468,0.05828468798377775,0.06319463191181952
A Casa do Cogumelo,inicial,desktop,fcp_ms,5,2212.7980000000002,2204.2279999999996,2239.2385000000004,35.010500000000775,2192.915,2243.5589999999997
A Casa do Cogumelo,inicial,desktop,lcp_ms,5,5354.4090000000015,5208.498,5372.1445,163.64650000000074,5181.541499999999,5567.146499999999
A Casa do Cogumelo,inicial,desktop,performance,5,57.99999999999999,57.99999999999999,57.99999999999999,0.0,57.99999999999999,57.99999999999999
A Casa do Cogumelo,inicial,desktop,seo,5,77.0,77.0,77.0,0.0,77.0,77.0
A Casa do Cogumelo,inicial,desktop,speed_index_ms,5,5575.734711904144,5550.041070577521,5591.181113315664,41.140042738143165,5518.018748977562,5827.028736964514
A Casa do Cogumelo,inicial,desktop,tbt_ms,5,0.0,0.0,0.0,0.0,0.0,0.0
A Casa do Cogumelo,inicial,mobile,accessibility,5,69.0,69.0,69.0,0.0,69.0,69.0
A Casa do Cogumelo,inicial,mobile,best_practices,5,57.99999999999999,57.99999999999999,57.99999999999999,0.0,57.99999999999999,57.99999999999999
A Casa do Cogumelo,inicial,mobile,cls,5,0.4618315657846618,0.4618315657846618,0.4618315657846618,0.0,0.4618315657846618,0.4618315657846618
A Casa do Cogumelo,inicial,mobile,fcp_ms,5,10919.419999999998,10792.403000000002,10998.161999999998,205.75899999999638,10754.236,11180.574000000002
A Casa do Cogumelo,inicial,mobile,lcp_ms,5,24231.345650000007,23909.818999999996,24708.557500000003,798.7385000000068,22489.176,26341.208499999993
A Casa do Cogumelo,inicial,mobile,performance,5,34.0,34.0,34.0,0.0,32.0,34.0
A Casa do Cogumelo,inicial,mobile,seo,5,77.0,77.0,77.0,0.0,77.0,77.0
A Casa do Cogumelo,inicial,mobile,speed_index_ms,5,16987.474464611503,16679.54821972382,18528.570397229887,1849.0221775060672,16651.172586938876,19516.746676745515
A Casa do Cogumelo,inicial,mobile,tbt_ms,5,123.0,121.0,128.5,7.5,105.5,187.0
A Casa do Cogumelo,interna,desktop,accessibility,5,78.0,78.0,78.0,0.0,78.0,78.0
A Casa do Cogumelo,interna,desktop,best_practices,5,57.99999999999999,57.99999999999999,57.99999999999999,0.0,57.99999999999999,57.99999999999999
A Casa do Cogumelo,interna,desktop,cls,5,0.001465802537200243,0.001456825675934606,0.0017832327333034287,0.0003264070573688227,0.001456172338142347,0.0017832327333034287
A Casa do Cogumelo,interna,desktop,fcp_ms,5,1845.736,1825.4519999999998,1850.941,25.48900000000026,1746.1290000000004,1978.6425
A Casa do Cogumelo,interna,desktop,lcp_ms,5,5042.682999999999,4690.992,7697.357,3006.365,4602.075,7762.028999999999
A Casa do Cogumelo,interna,desktop,performance,5,60.0,59.0,62.0,3.0,59.0,62.0
A Casa do Cogumelo,interna,desktop,seo,5,77.0,77.0,77.0,0.0,77.0,77.0
A Casa do Cogumelo,interna,desktop,speed_index_ms,5,4879.345040612372,4835.248329595359,4927.373334694063,92.1250050987037,4680.5122019972705,5159.001599896126
A Casa do Cogumelo,interna,desktop,tbt_ms,5,0.0,0.0,0.0,0.0,0.0,0.0
A Casa do Cogumelo,interna,mobile,accessibility,5,78.0,78.0,78.0,0.0,78.0,78.0
A Casa do Cogumelo,interna,mobile,best_practices,5,57.99999999999999,57.99999999999999,57.99999999999999,0.0,57.99999999999999,57.99999999999999
A Casa do Cogumelo,interna,mobile,cls,5,0.0018187532818264292,0.0018187532818264292,0.002073907156726277,0.00025515387489984803,0.0018187532818264292,0.002073907156726277
A Casa do Cogumelo,interna,mobile,fcp_ms,5,8231.997000000001,8159.552999999999,8548.824999999999,389.27199999999993,8098.401500000002,8585.529999999999
A Casa do Cogumelo,interna,mobile,lcp_ms,5,22590.062000000005,22015.836000000003,23102.52599999999,1086.6899999999878,21342.271000000004,31746.492999999988
A Casa do Cogumelo,interna,mobile,performance,5,55.00000000000001,55.00000000000001,55.00000000000001,0.0,54.0,55.00000000000001
A Casa do Cogumelo,interna,mobile,seo,5,77.0,77.0,77.0,0.0,77.0,77.0
A Casa do Cogumelo,interna,mobile,speed_index_ms,5,15127.692567603024,15091.127114841502,15200.303336384008,109.17622154250603,14888.324317413833,15552.828315103608
A Casa do Cogumelo,interna,mobile,tbt_ms,5,50.0,20.0,75.5,55.5,19.0,116.0
Coelho News,inicial,desktop,accessibility,5,93.0,93.0,93.0,0.0,93.0,93.0
Coelho News,inicial,desktop,best_practices,5,73.0,73.0,73.0,0.0,73.0,73.0
Coelho News,inicial,desktop,cls,5,0.0,0.0,0.003882365718796676,0.003882365718796676,0.0,0.00393718620607781
Coelho News,inicial,desktop,fcp_ms,5,518.724,512.394,530.794,18.399999999999977,505.97799999999995,558.617
Coelho News,inicial,desktop,lcp_ms,5,1173.922,996.3169999999998,1405.894,409.5770000000002,940.9439999999998,1473.1864999999998
Coelho News,inicial,desktop,performance,5,95.0,93.0,96.0,3.0,93.0,96.0
Coelho News,inicial,desktop,seo,5,100.0,100.0,100.0,0.0,100.0,100.0
Coelho News,inicial,desktop,speed_index_ms,5,1763.3338370965066,1735.7235603202266,1786.9519160932568,51.228355773030216,1677.5038712832381,1812.6874344103544
Coelho News,inicial,desktop,tbt_ms,5,0.0,0.0,0.0,0.0,0.0,0.0
Coelho News,inicial,mobile,accessibility,5,88.0,88.0,88.0,0.0,88.0,88.0
Coelho News,inicial,mobile,best_practices,5,73.0,73.0,73.0,0.0,73.0,73.0
Coelho News,inicial,mobile,cls,5,0.0,0.0,0.005651610960109489,0.005651610960109489,0.0,0.005651610960109489
Coelho News,inicial,mobile,fcp_ms,5,7193.897000000001,2397.1355000000003,8034.695000000001,5637.5595,2338.827,8841.588499999998
Coelho News,inicial,mobile,lcp_ms,5,38997.07650000004,7108.827499999998,39883.69050000004,32774.86300000004,5779.327,40137.02149999999
Coelho News,inicial,mobile,performance,5,55.00000000000001,55.00000000000001,60.0,4.999999999999993,52.0,65.0
Coelho News,inicial,mobile,seo,5,100.0,100.0,100.0,0.0,100.0,100.0
Coelho News,inicial,mobile,speed_index_ms,5,8198.458061655023,6320.343621293237,8841.588499999998,2521.2448787067606,5441.973710415852,8907.190269883224
Coelho News,inicial,mobile,tbt_ms,5,230.0,162.0,302.5000000000009,140.5000000000009,146.0,328.5
Coelho News,interna,desktop,accessibility,5,90.0,90.0,90.0,0.0,90.0,90.0
Coelho News,interna,desktop,best_practices,5,69.0,69.0,69.0,0.0,69.0,69.0
Coelho News,interna,desktop,cls,5,0.0,0.0,0.0,0.0,0.0,0.0
Coelho News,interna,desktop,fcp_ms,5,342.93850000000003,315.3664,344.217,28.850599999999986,310.4114,363.174
Coelho News,interna,desktop,lcp_ms,5,776.9395000000001,717.1122000000003,867.357,150.2447999999997,710.4991999999999,1010.1709999999997
Coelho News,interna,desktop,performance,5,94.0,93.0,94.0,1.0,93.0,95.0
Coelho News,interna,desktop,seo,5,100.0,100.0,100.0,0.0,100.0,100.0
Coelho News,interna,desktop,speed_index_ms,5,2428.710602475768,2405.0952010497977,2440.3854505387326,35.29024948893493,2265.315314259824,2692.52934028872
Coelho News,interna,desktop,tbt_ms,5,0.0,0.0,0.0,0.0,0.0,0.0
Coelho News,interna,mobile,accessibility,5,90.0,90.0,90.0,0.0,90.0,90.0
Coelho News,interna,mobile,best_practices,5,73.0,73.0,73.0,0.0,73.0,73.0
Coelho News,interna,mobile,cls,5,0.0,0.0,0.0,0.0,0.0,0.0
Coelho News,interna,mobile,fcp_ms,5,6224.428000000001,1444.2620000000002,7716.263500000001,6272.0015,1374.0298499999997,7817.782000000001
Coelho News,interna,mobile,lcp_ms,5,10240.162999999999,9729.2505,10571.333625000001,842.083125000001,9666.572499999997,10663.569499999998
Coelho News,interna,mobile,performance,5,56.99999999999999,56.00000000000001,66.0,9.999999999999993,56.00000000000001,69.0
Coelho News,interna,mobile,seo,5,100.0,100.0,100.0,0.0,100.0,100.0
Coelho News,interna,mobile,speed_index_ms,5,6463.207438854432,6378.714959074639,7716.263500000001,1337.5485409253615,5765.164982912074,7817.782000000001
Coelho News,interna,mobile,tbt_ms,5,143.5,128.5,161.0,32.5,127.5,206.5
Nintendista News,inicial,desktop,accessibility,5,100.0,100.0,100.0,0.0,100.0,100.0
Nintendista News,inicial,desktop,best_practices,5,100.0,100.0,100.0,0.0,100.0,100.0
Nintendista News,inicial,desktop,cls,5,0.0,0.0,0.0,0.0,0.0,0.0
Nintendista News,inicial,desktop,fcp_ms,5,937.9920000000002,862.674,966.7939999999999,104.11999999999989,842.9669999999999,1064.3400000000001
Nintendista News,inicial,desktop,lcp_ms,5,1508.5320000000002,1422.9409999999998,1572.6699999999998,149.72900000000004,1311.9769999999999,1787.5950000000003
Nintendista News,inicial,desktop,performance,5,94.0,93.0,95.0,2.0,90.0,96.0
Nintendista News,inicial,desktop,seo,5,100.0,100.0,100.0,0.0,100.0,100.0
Nintendista News,inicial,desktop,speed_index_ms,5,937.9920000000002,871.9330375156283,974.6438355673183,102.71079805169006,864.3818999914317,1064.3400000000001
Nintendista News,inicial,desktop,tbt_ms,5,0.0,0.0,0.0,0.0,0.0,0.0
Nintendista News,inicial,mobile,accessibility,5,100.0,100.0,100.0,0.0,100.0,100.0
Nintendista News,inicial,mobile,best_practices,5,100.0,100.0,100.0,0.0,100.0,100.0
Nintendista News,inicial,mobile,cls,5,0.0,0.0,0.0,0.0,0.0,0.0
Nintendista News,inicial,mobile,fcp_ms,5,1922.2330000000002,1876.405,2023.598,147.19299999999998,985.917,2491.73
Nintendista News,inicial,mobile,lcp_ms,5,2370.3650000000002,2291.701,2481.76,190.0590000000002,1381.917,3507.177
Nintendista News,inicial,mobile,performance,5,95.0,94.0,95.0,1.0,87.0,100.0
Nintendista News,inicial,mobile,seo,5,100.0,100.0,100.0,0.0,100.0,100.0
Nintendista News,inicial,mobile,speed_index_ms,5,4064.215110264817,2607.66498597765,4093.4415347399436,1485.7765487622937,2471.9015880142933,4131.880118017029
Nintendista News,inicial,mobile,tbt_ms,5,0.0,0.0,0.0,0.0,0.0,0.0
Nintendista News,interna,desktop,accessibility,5,100.0,100.0,100.0,0.0,100.0,100.0
Nintendista News,interna,desktop,best_practices,5,100.0,100.0,100.0,0.0,100.0,100.0
Nintendista News,interna,desktop,cls,5,0.0,0.0,0.0,0.0,0.0,0.0
Nintendista News,interna,desktop,fcp_ms,5,864.681,864.175,921.258,57.083000000000084,830.6754999999999,1092.4759999999999
Nintendista News,interna,desktop,lcp_ms,5,864.681,864.175,921.258,57.083000000000084,830.6754999999999,1092.4759999999999
Nintendista News,interna,desktop,performance,5,98.0,98.0,98.0,0.0,96.0,99.0
Nintendista News,interna,desktop,seo,5,100.0,100.0,100.0,0.0,100.0,100.0
Nintendista News,interna,desktop,speed_index_ms,5,864.681,864.175,921.258,57.083000000000084,830.6754999999999,1092.4759999999999
Nintendista News,interna,desktop,tbt_ms,5,0.0,0.0,0.0,0.0,0.0,0.0
Nintendista News,interna,mobile,accessibility,5,100.0,100.0,100.0,0.0,100.0,100.0
Nintendista News,interna,mobile,best_practices,5,100.0,100.0,100.0,0.0,100.0,100.0
Nintendista News,interna,mobile,cls,5,0.0,0.0,0.0,0.0,0.0,0.0
Nintendista News,interna,mobile,fcp_ms,5,2072.1769999999997,1890.332,2109.3145,218.98249999999985,1530.7930000000001,2213.943
Nintendista News,interna,mobile,lcp_ms,5,2545.35,2320.9800000000005,2593.441,272.46099999999933,1530.7930000000001,2742.0460000000003
Nintendista News,interna,mobile,performance,5,94.0,93.0,95.0,2.0,92.0,100.0
Nintendista News,interna,mobile,seo,5,100.0,100.0,100.0,0.0,100.0,100.0
Nintendista News,interna,mobile,speed_index_ms,5,3946.4271733332134,3783.467165534187,3953.445597943634,169.97843240944667,1764.7158879779095,4014.880180196645
Nintendista News,interna,mobile,tbt_ms,5,0.0,0.0,0.0,0.0,0.0,0.0
Nintendo Blast,inicial,desktop,accessibility,5,76.0,76.0,76.0,0.0,76.0,76.0
Nintendo Blast,inicial,desktop,best_practices,5,77.0,77.0,77.0,0.0,77.0,77.0
Nintendo Blast,inicial,desktop,cls,5,0.0334851591499151,0.03284438779012488,0.03710329213602528,0.0042589043459003995,0.010195916165932914,0.037286742402366985
Nintendo Blast,inicial,desktop,fcp_ms,5,921.3610000000001,894.9179999999999,923.085,28.167000000000144,809.951,932.843
Nintendo Blast,inicial,desktop,lcp_ms,5,3334.5085,3263.2812200927738,4863.802500000002,1600.5212799072278,2505.7805,4991.813500000001
Nintendo Blast,inicial,desktop,performance,5,78.0,72.0,79.0,7.0,72.0,84.0
Nintendo Blast,inicial,desktop,seo,5,92.0,92.0,92.0,0.0,92.0,92.0
Nintendo Blast,inicial,desktop,speed_index_ms,5,1735.006169026819,1698.646657729144,1970.3543335381485,271.7076758090045,1535.8855105169573,2027.5487807005657
Nintendo Blast,inicial,desktop,tbt_ms,5,0.0,0.0,0.0,0.0,0.0,0.0
Nintendo Blast,inicial,mobile,accessibility,5,84.0,84.0,84.0,0.0,84.0,84.0
Nintendo Blast,inicial,mobile,best_practices,5,77.0,77.0,77.0,0.0,77.0,77.0
Nintendo Blast,inicial,mobile,cls,5,0.00469048276391532,0.0029011012373602774,0.004748061872443082,0.0018469606350828044,0.0023607434496382114,0.005081725424424467
Nintendo Blast,inicial,mobile,fcp_ms,5,2621.587,2337.1935000000003,2632.6815,295.48799999999983,2303.384,2635.49
Nintendo Blast,inicial,mobile,lcp_ms,5,9957.8315,9879.187999999998,10166.346999999998,287.15899999999965,9340.249,10491.7375
Nintendo Blast,inicial,mobile,performance,5,68.0,67.0,68.0,1.0,66.0,69.0
Nintendo Blast,inicial,mobile,seo,5,92.0,92.0,92.0,0.0,92.0,92.0
Nintendo Blast,inicial,mobile,speed_index_ms,5,4965.901246738843,4888.079950690507,5016.291808431288,128.21185774078094,4747.7351828796845,5272.389265599492
Nintendo Blast,inicial,mobile,tbt_ms,5,87.5,85.0,89.0,4.0,70.0,110.99999999999909
Nintendo Blast,interna,desktop,accessibility,5,71.0,71.0,71.0,0.0,71.0,71.0
Nintendo Blast,interna,desktop,best_practices,5,77.0,77.0,77.0,0.0,77.0,77.0
Nintendo Blast,interna,desktop,cls,5,0.038573610454508966,0.017804271281320914,0.039680445313546926,0.021876174032226012,0.005713657425439095,0.04323931360671715
Nintendo Blast,interna,desktop,fcp_ms,5,973.3330000000001,942.598,1136.56,193.962,861.957,1184.409
Nintendo Blast,interna,desktop,lcp_ms,5,3353.4725,3096.572970092773,3974.2920000000004,877.7190299072272,2991.9642200927733,6052.729150000003
Nintendo Blast,interna,desktop,performance,5,76.0,73.0,78.0,5.0,70.0,81.0
Nintendo Blast,interna,desktop,seo,5,85.0,85.0,85.0,0.0,85.0,85.0
Nintendo Blast,interna,desktop,speed_index_ms,5,1956.147492033951,1954.7746721530589,2070.8070714093315,116.03239925627258,1636.6493423391016,2180.4215015634727
Nintendo Blast,interna,desktop,tbt_ms,5,0.0,0.0,0.0,0.0,0.0,0.0
Nintendo Blast,interna,mobile,accessibility,5,79.0,79.0,79.0,0.0,79.0,80.0
Nintendo Blast,interna,mobile,best_practices,5,77.0,77.0,77.0,0.0,77.0,77.0
Nintendo Blast,interna,mobile,cls,5,0.0050285754780911495,0.004672766115137547,0.0053696209670632735,0.0006968548519257264,0.0024773780540918813,0.0073608755453266434
Nintendo Blast,interna,mobile,fcp_ms,5,2597.424,2568.8685,2607.6395,38.771000000000186,2483.959,3246.0145
Nintendo Blast,interna,mobile,lcp_ms,5,9161.944,8278.161250000001,9403.45,1125.2887499999997,6942.720499999999,9657.074
Nintendo Blast,interna,mobile,performance,5,67.0,65.0,68.0,3.0,64.0,69.0
Nintendo Blast,interna,mobile,seo,5,85.0,85.0,85.0,0.0,85.0,85.0
Nintendo Blast,interna,mobile,speed_index_ms,5,5566.853308239035,5264.954909635353,5654.720701217728,389.76579158237473,5234.041872034214,6536.782685131377
Nintendo Blast,interna,mobile,tbt_ms,5,66.0,65.5,81.5,16.0,61.5,83.5
Nintendo Boy,inicial,desktop,accessibility,5,96.0,96.0,97.0,1.0,96.0,97.0
Nintendo Boy,inicial,desktop,best_practices,5,73.0,73.0,73.0,0.0,50.0,73.0
Nintendo Boy,inicial,desktop,cls,5,0.20662051471714032,0.20586801404225777,0.20773977829940346,0.0018717642571456916,0.20582274310545362,0.20775061788687227
Nintendo Boy,inicial,desktop,fcp_ms,5,625.9961999999999,615.741,638.8665,23.125499999999988,580.6035000000002,718.4705
Nintendo Boy,inicial,desktop,lcp_ms,5,4245.583500000001,4183.1365000000005,4257.920499999999,74.78399999999874,3946.9488,4259.2855
Nintendo Boy,inicial,desktop,performance,5,59.0,59.0,59.0,0.0,59.0,59.0
Nintendo Boy,inicial,desktop,seo,5,92.0,92.0,92.0,0.0,92.0,92.0
Nintendo Boy,inicial,desktop,speed_index_ms,5,4873.838409150903,4776.068447618774,5078.088019429686,302.01957181091166,4639.11101046469,5761.966455957905
Nintendo Boy,inicial,desktop,tbt_ms,5,0.0,0.0,0.0,0.0,0.0,0.0
Nintendo Boy,inicial,mobile,accessibility,5,100.0,100.0,100.0,0.0,100.0,100.0
Nintendo Boy,inicial,mobile,best_practices,5,54.0,54.0,69.0,15.0,50.0,73.0
Nintendo Boy,inicial,mobile,cls,5,0.0,0.0,0.0,0.0,0.0,0.0
Nintendo Boy,inicial,mobile,fcp_ms,5,7716.24808,5468.82355,9754.0221,4285.19855,5429.8544,9819.439525000002
Nintendo Boy,inicial,mobile,lcp_ms,5,21997.432039999992,18124.633820000003,22367.590500000002,4242.956679999999,17380.206699999995,24348.31170000001
Nintendo Boy,inicial,mobile,performance,5,55.00000000000001,55.00000000000001,56.00000000000001,1.0,55.00000000000001,56.00000000000001
Nintendo Boy,inicial,mobile,seo,5,92.0,92.0,92.0,0.0,92.0,92.0
Nintendo Boy,inicial,mobile,speed_index_ms,5,15695.501619083083,14894.016091205573,16504.173867414724,1610.157776209151,13763.409652733517,19120.44729727308
Nintendo Boy,inicial,mobile,tbt_ms,5,15.0,14.5,25.0,10.5,10.0,38.0
Nintendo Boy,interna,desktop,accessibility,5,90.0,90.0,90.0,0.0,90.0,90.0
Nintendo Boy,interna,desktop,best_practices,5,73.0,73.0,73.0,0.0,73.0,73.0
Nintendo Boy,interna,desktop,cls,5,0.20225564882104102,0.20225564882104102,0.20225564882104102,0.0,0.2021581197585614,0.20225564882104102
Nintendo Boy,interna,desktop,fcp_ms,5,614.372,566.938,616.869,49.93100000000004,553.982,641.2785
Nintendo Boy,interna,desktop,lcp_ms,5,912.9719999999998,872.625,948.4059999999997,75.78099999999972,871.9730000000001,953.9279999999999
Nintendo Boy,interna,desktop,performance,5,80.0,80.0,80.0,0.0,80.0,82.0
Nintendo Boy,interna,desktop,seo,5,85.0,85.0,85.0,0.0,85.0,85.0
Nintendo Boy,interna,desktop,speed_index_ms,5,4206.891185292938,4115.817181601813,4693.242049770322,577.4248681685094,2838.2917380459403,4720.9007043582005
Nintendo Boy,interna,desktop,tbt_ms,5,0.0,0.0,0.0,0.0,0.0,0.0
Nintendo Boy,interna,mobile,accessibility,5,100.0,100.0,100.0,0.0,99.0,100.0
Nintendo Boy,interna,mobile,best_practices,5,73.0,54.0,73.0,19.0,50.0,73.0
Nintendo Boy,interna,mobile,cls,5,0.0,0.0,0.0,0.0,0.0,0.31667217672122083
Nintendo Boy,interna,mobile,fcp_ms,5,7666.980399999999,5283.133100000001,8601.971700000002,3318.838600000001,2083.3879999999995,12182.4356
Nintendo Boy,interna,mobile,lcp_ms,5,11661.363525,10130.52605,11944.439100000003,1813.9130500000028,4272.259999999999,21981.173000000003
Nintendo Boy,interna,mobile,performance,5,55.00000000000001,55.00000000000001,56.00000000000001,1.0,55.00000000000001,57.99999999999999
Nintendo Boy,interna,mobile,seo,5,92.0,92.0,92.0,0.0,92.0,92.0
Nintendo Boy,interna,mobile,speed_index_ms,5,13943.122339073245,13375.19096721269,14648.887980651265,1273.6970134385756,12368.60589555928,14866.908298458766
Nintendo Boy,interna,mobile,tbt_ms,5,14.0,12.0,14.5,2.5,5.5,20.0
Project N,inicial,desktop,accessibility,5,80.0,80.0,80.0,0.0,80.0,80.0
Project N,inicial,desktop,best_practices,5,57.99999999999999,57.99999999999999,57.99999999999999,0.0,57.99999999999999,57.99999999999999
Project N,inicial,desktop,cls,5,0.48726250597657184,0.48726250597657184,0.5087008867934327,0.02143838081686089,0.2914415491274205,0.5089585769476536
Project N,inicial,desktop,fcp_ms,5,3498.7339999999986,2354.903,4364.458750000002,2009.5557500000018,1205.201,4367.518750000001
Project N,inicial,desktop,lcp_ms,5,5809.4765000000025,4636.904049041748,7281.824305854801,2644.920256813053,3445.201,7495.105000000002
Project N,inicial,desktop,performance,5,35.0,35.0,36.0,1.0,34.0,41.0
Project N,inicial,desktop,seo,5,92.0,92.0,92.0,0.0,92.0,92.0
Project N,inicial,desktop,speed_index_ms,5,4364.458750000002,3744.5010877761183,4367.518750000001,623.0176622238828,2633.3382879682317,4445.568918473367
Project N,inicial,desktop,tbt_ms,5,0.0,0.0,266.0,266.0,0.0,294.5005292892456
Project N,inicial,mobile,accessibility,5,84.0,84.0,84.0,0.0,84.0,84.0
Project N,inicial,mobile,best_practices,5,57.99999999999999,57.99999999999999,57.99999999999999,0.0,57.99999999999999,57.99999999999999
Project N,inicial,mobile,cls,5,0.917732378126693,0.917732378126693,0.917732378126693,0.0,0.917732378126693,0.917732378126693
Project N,inicial,mobile,fcp_ms,5,8362.130999999998,8244.8,8784.552000000003,539.752000000004,7832.161500000002,9160.895999999995
Project N,inicial,mobile,lcp_ms,5,19429.297590515125,19319.241305854805,20040.61430585479,721.372999999985,18482.700805854794,20572.185805854788
Project N,inicial,mobile,performance,5,32.0,32.0,33.0,1.0,31.0,33.0
Project N,inicial,mobile,seo,5,92.0,92.0,92.0,0.0,92.0,92.0
Project N,inicial,mobile,speed_index_ms,5,8784.552000000003,8362.130999999998,9160.895999999995,798.7649999999976,8244.8,10524.569646683449
Project N,inicial,mobile,tbt_ms,5,32.5,27.5,36.0,8.5,26.5,46.5
Project N,interna,desktop,accessibility,5,88.0,88.0,88.0,0.0,88.0,88.0
Project N,interna,desktop,best_practices,5,57.99999999999999,57.99999999999999,57.99999999999999,0.0,57.99999999999999,57.99999999999999
Project N,interna,desktop,cls,5,0.1620665051425379,0.07836662205502745,0.20029005521203325,0.1219234331570058,0.07367420509356133,0.21208701302877736
Project N,interna,desktop,fcp_ms,5,4683.402,3861.1820000000007,4931.386999999999,1070.204999999998,3634.917,4962.030999999999
Project N,interna,desktop,lcp_ms,5,8456.53,7389.495,8787.456850418086,1397.9618504180862,7134.677000000009,9010.639499999994
Project N,interna,desktop,performance,5,47.0,45.0,48.0,3.0,44.0,54.0
Project N,interna,desktop,seo,5,85.0,85.0,85.0,0.0,85.0,85.0
Project N,interna,desktop,speed_index_ms,5,4683.402,3861.1820000000007,4931.386999999999,1070.204999999998,3634.917,4962.030999999999
Project N,interna,desktop,tbt_ms,5,0.0,0.0,0.0,0.0,0.0,287.0000000000009
Project N,interna,mobile,accessibility,5,87.0,87.0,87.0,0.0,87.0,87.0
Project N,interna,mobile,best_practices,5,57.99999999999999,57.99999999999999,57.99999999999999,0.0,57.99999999999999,57.99999999999999
Project N,interna,mobile,cls,5,0.07871524790113972,0.07871524790113972,0.07871524790113972,0.0,0.07871524790113972,0.07871524790113972
Project N,interna,mobile,fcp_ms,5,9219.011499999997,9026.6515,9296.194,269.54249999999956,8560.945,9649.667999999998
Project N,interna,mobile,lcp_ms,5,22671.747,22366.978000000003,22999.308,632.3299999999981,22094.304115776053,23512.991805854796
Project N,interna,mobile,performance,5,55.00000000000001,55.00000000000001,55.00000000000001,0.0,55.00000000000001,55.00000000000001
Project N,interna,mobile,seo,5,92.0,92.0,92.0,0.0,92.0,92.0
Project N,interna,mobile,speed_index_ms,5,9219.011499999997,9026.6515,9296.194,269.54249999999956,8560.945,9649.667999999998
Project N,interna,mobile,tbt_ms,5,43.5,42.0,47.0,5.0,16.5,54.0
Universo Nintendo,inicial,desktop,accessibility,5,91.0,89.0,91.0,2.0,89.0,91.0
Universo Nintendo,inicial,desktop,best_practices,5,54.0,54.0,54.0,0.0,54.0,54.0
Universo Nintendo,inicial,desktop,cls,5,0.2896086888833973,0.18036017184360154,0.2896086888833973,0.10924851703979577,0.1734350899530022,0.2896086888833973
Universo Nintendo,inicial,desktop,fcp_ms,5,2177.3020000000006,2070.632,2309.732,239.0999999999999,1977.2159999999994,2373.985
Universo Nintendo,inicial,desktop,lcp_ms,5,4836.5300000000025,4213.4855,4940.772499999996,727.2869999999966,3996.306500000001,5005.68
Universo Nintendo,inicial,desktop,performance,5,44.0,42.0,45.0,3.0,41.0,53.0
Universo Nintendo,inicial,desktop,seo,5,100.0,100.0,100.0,0.0,100.0,100.0
Universo Nintendo,inicial,desktop,speed_index_ms,5,6101.508798618709,5872.574884901634,6320.940647006055,448.36576210442126,5536.589703746737,6393.019075980239
Universo Nintendo,inicial,desktop,tbt_ms,5,151.99999999999955,149.49999999999955,155.4999999999991,5.999999999999545,27.0,197.60899999999947
Universo Nintendo,inicial,mobile,accessibility,5,84.0,84.0,84.0,0.0,84.0,84.0
Universo Nintendo,inicial,mobile,best_practices,5,50.0,50.0,50.0,0.0,50.0,50.0
Universo Nintendo,inicial,mobile,cls,5,0.207941646920463,0.207941646920463,0.207941646920463,0.0,0.207941646920463,0.207941646920463
Universo Nintendo,inicial,mobile,fcp_ms,5,5112.772000000001,5092.746000000001,5208.721999999999,115.97599999999784,3631.447,5401.817
Universo Nintendo,inicial,mobile,lcp_ms,5,14684.680999999997,11732.791999999998,15727.7835,3994.991500000002,10196.677,17051.510000000002
Universo Nintendo,inicial,mobile,performance,5,20.0,19.0,28.000000000000004,9.000000000000004,19.0,35.0
Universo Nintendo,inicial,mobile,seo,5,100.0,100.0,100.0,0.0,100.0,100.0
Universo Nintendo,inicial,mobile,speed_index_ms,5,21422.935490696178,20656.530828951076,22022.131022503825,1365.6001935527493,20207.287243928302,22651.386283914428
Universo Nintendo,inicial,mobile,tbt_ms,5,1532.9999999999964,854.5000000000036,1793.9809999999989,939.4809999999952,434.99999999999636,1826.0
Universo Nintendo,interna,desktop,accessibility,5,95.0,95.0,95.0,0.0,95.0,95.0
Universo Nintendo,interna,desktop,best_practices,5,54.0,54.0,54.0,0.0,54.0,54.0
Universo Nintendo,interna,desktop,cls,5,0.3031485186495903,0.3006831102042541,0.3031597525154578,0.002476642311203703,0.22007342388250045,0.31491835775296423
Universo Nintendo,interna,desktop,fcp_ms,5,2427.0370000000003,2352.272,2528.5740000000005,176.3020000000006,2189.946,5694.502999999999
Universo Nintendo,interna,desktop,lcp_ms,5,5677.602000000001,5165.6775,5694.502999999999,528.825499999999,4559.965749999999,6597.616
Universo Nintendo,interna,desktop,performance,5,40.0,39.0,41.0,2.0,39.0,43.0
Universo Nintendo,interna,desktop,seo,5,100.0,100.0,100.0,0.0,100.0,100.0
Universo Nintendo,interna,desktop,speed_index_ms,5,6597.79346649668,6468.300674698565,6727.755047685277,259.45437298671186,6451.416268160666,8843.85635573789
Universo Nintendo,interna,desktop,tbt_ms,5,150.99999999999955,149.4999999999991,151.0,1.5000000000009095,148.0,154.0
Universo Nintendo,interna,mobile,accessibility,5,92.0,92.0,92.0,0.0,92.0,92.0
Universo Nintendo,interna,mobile,best_practices,5,50.0,50.0,50.0,0.0,50.0,50.0
Universo Nintendo,interna,mobile,cls,5,0.3816576574926044,0.381437183435845,0.382157772245442,0.0007205888095970225,0.3549226808416711,0.40350156241563173
Universo Nintendo,interna,mobile,fcp_ms,5,5256.158000000002,5194.012999999999,5277.744999999999,83.73199999999997,5038.5819999999985,5289.218000000001
Universo Nintendo,interna,mobile,lcp_ms,5,18376.0815,17924.751999999993,18755.646999999997,830.8950000000041,16815.966500000002,18809.850000000006
Universo Nintendo,interna,mobile,performance,5,11.0,11.0,11.0,0.0,10.0,11.0
Universo Nintendo,interna,mobile,seo,5,100.0,100.0,100.0,0.0,100.0,100.0
Universo Nintendo,interna,mobile,speed_index_ms,5,24223.066226414157,23627.683445000966,25081.009385023055,1453.3259400220886,21647.909905639404,27983.12096052378
Universo Nintendo,interna,mobile,tbt_ms,5,1670.0,1603.4999999999927,1890.0,286.5000000000073,1590.5,1955.5000000000036
